,plot_area(m^2)_x,crops_in_plot,total_harvested,crop_proportion,npk_20-10-10,kcl/mop,Kigali,South,Gasabo,Gatsibo,Gisagara,Huye,Kayonza,Kirehe,Nyagatare,Rusizi,Rwamagana,Mixed,Bush bean,Cooking banana,Dessert banana,Paddy rice,Both(Trad and Improved,Improved seeds,quanitiy_harvested_(kg)
0,5519.4569999999985,1.0,9350.0,1.0,0.0,0.0,1,0,1,0,0,0,0,0,0,0,0,0,0,0,0,0,0,1,9350.0
1,4067.5269,2.0,19200.0,0.9,0.0,0.0,0,0,0,0,0,0,0,0,1,0,0,1,0,0,0,0,0,1,9200.0
2,29553.035,1.0,40.0,0.37499997,0.0,0.0,0,0,0,0,0,0,0,0,0,0,1,0,0,0,0,0,0,0,40.0
3,670168.94,1.0,82050.0,1.0,0.0,0.0,0,1,0,0,1,0,0,0,0,0,0,0,0,0,0,1,0,0,82050.0
4,1352.9701,1.0,30.0,1.0,0.0,0.0,0,0,0,0,0,0,0,0,0,0,1,0,0,0,0,0,0,0,30.0
5,4765.5205,1.0,2000.0,1.0,0.0,0.0,0,0,0,0,0,0,0,0,0,0,1,0,0,0,0,0,0,0,2000.0
6,4143304.8,1.0,1248961.0,1.0,0.0,0.0,0,1,0,0,1,0,0,0,0,0,0,0,0,0,0,1,0,1,932405.0
7,2732.7817,2.0,121.5,0.95,0.0,0.0,0,0,0,0,0,0,0,0,0,0,1,1,1,0,0,0,0,0,121.5
8,885.36194,1.0,1328.0,1.0,0.0,0.0,0,0,0,0,0,0,0,0,0,0,0,0,0,0,0,0,0,0,1328.0
9,10380.212,1.0,18186.74,1.0,0.0,0.0,0,0,0,0,0,0,0,0,0,0,0,0,0,0,0,0,0,0,15458.73
10,4292.4272,1.0,2000.0,1.0,0.0,0.0,0,0,0,0,0,0,0,0,0,0,0,0,0,0,0,0,0,1,2000.0
11,46932.51,1.0,5500.0,1.0,0.0,0.0,0,0,0,0,0,0,0,0,0,0,0,0,0,0,0,0,0,0,2500.0
12,16096.171999999999,1.0,21760.0,1.0,0.0,0.0,1,0,1,0,0,0,0,0,0,0,0,0,0,0,0,0,0,0,21760.0
13,49521.72,2.0,50.0,0.22222222,0.0,0.0,1,0,0,0,0,0,0,0,0,0,0,1,0,0,1,0,0,0,0.0
14,3914.7852,2.0,360.0,0.625,0.0,0.0,0,0,0,1,0,0,0,0,0,0,0,1,1,0,0,0,0,0,360.0
15,34129.72,1.0,59631.56,1.0,0.0,0.0,0,0,0,0,0,0,0,0,0,0,0,0,0,0,0,0,0,0,50686.82
16,2775.2512,1.0,2000.0,1.0,0.0,0.0,0,0,0,0,0,0,0,0,0,0,0,0,0,0,0,0,0,1,2000.0
17,448780.4,1.0,192500.0,1.0,0.0,0.0,0,0,0,0,0,0,0,0,0,0,0,0,0,0,0,1,0,1,192500.0
18,699.12103,1.0,1300.0,1.0,0.0,0.0,0,0,0,0,0,0,0,0,0,0,0,0,0,0,0,0,0,1,1300.0
19,933.60156,2.0,150.0,0.79999995,0.0,0.0,0,0,0,0,0,0,0,0,0,0,0,1,0,0,0,0,0,1,0.0
20,3577.5537,2.0,2080.0,0.3,0.0,0.0,0,0,0,0,0,0,0,0,0,0,0,1,0,0,0,0,0,1,2000.0
21,1089728.1,1.0,424280.0,1.0,0.0,0.0,0,1,0,0,0,0,0,0,0,0,0,0,0,0,0,1,0,1,282853.0
22,1234.5719,1.0,700.0,1.0,0.0,0.0,0,0,0,0,0,0,0,0,0,0,0,0,0,0,0,0,0,1,0.0
23,4492769.0,1.0,1600000.0,1.0,0.0,0.0,0,0,0,0,0,0,0,0,0,1,0,0,0,0,0,1,0,1,1300000.0
24,16386.527,1.0,41000.0,1.0,0.0,0.0,1,0,1,0,0,0,0,0,0,0,0,0,0,0,0,0,0,0,27000.0
25,8491.265,2.0,180.0,0.09999999400000001,0.0,0.0,0,0,0,0,0,0,0,0,0,0,1,1,0,0,1,0,0,0,180.0
26,36295.387,4.0,8390.0,0.4,0.0,0.0,0,0,0,0,0,0,0,0,1,0,0,1,0,1,0,0,0,1,350.0
27,5095.6313,2.0,240.0,0.31250003,0.0,0.0,0,0,0,1,0,0,0,0,0,0,0,1,0,0,1,0,0,0,150.0
28,1437302.0,1.0,550400.0,1.0,0.0,0.0,0,1,0,0,0,1,0,0,0,0,0,0,0,0,0,1,0,1,550400.0
29,19447.457,2.0,650.0,0.4,0.0,0.0,0,0,0,1,0,0,0,0,0,0,0,1,0,0,0,0,0,0,0.0
30,23968.084,2.0,866.5,1.0,0.0,0.0,0,0,0,0,0,0,0,0,1,0,0,1,1,0,0,0,0,1,866.5
31,105113.16,1.0,482000.0,1.0,0.0,0.0,1,0,1,0,0,0,0,0,0,0,0,0,0,0,0,0,0,1,103400.0
32,43167.687999999995,3.0,8160.0,0.9306931,0.0,0.0,0,0,0,0,0,0,0,0,1,0,0,1,0,1,0,0,0,1,3900.0
33,63906.155999999995,2.0,959.0,0.74,0.0,0.0,0,1,0,0,0,0,0,0,0,0,0,1,0,1,0,0,0,1,914.0
34,88442.95,1.0,129600.0,1.0,0.0,0.0,0,0,0,0,0,0,0,0,0,0,0,0,0,0,0,0,0,0,121680.0
35,23968.084,2.0,123.0,0.4,0.0,0.0,0,0,0,0,0,0,0,0,1,0,0,1,0,0,0,0,0,1,0.0
36,40539.98,3.0,1800.0,0.5,0.0,0.0,0,0,0,0,0,0,0,0,0,0,1,1,0,1,0,0,0,0,1200.0
37,35391.01,2.0,1300.0,0.3,0.0,0.0,0,0,0,0,0,0,0,0,0,0,1,1,1,0,0,0,0,0,1300.0
38,43700.695,1.0,4370.0,1.0,0.0,0.0,0,0,0,0,0,0,0,0,0,0,0,0,1,0,0,0,0,0,4370.0
39,3080.903,1.0,1500.0,1.0,0.0,0.0,0,0,0,0,0,0,0,0,0,0,0,0,0,0,0,0,0,0,1500.0
40,3362.0483,3.0,400.0,0.7368420999999999,0.0,0.0,0,0,0,0,0,0,0,0,0,0,1,1,0,0,0,0,0,0,400.0
41,264.96902,1.0,300.0,1.0,0.0,0.0,0,0,0,0,0,0,0,0,0,0,0,0,0,0,0,0,0,1,200.0
42,7777.1216,2.0,500.0,0.78,0.0,0.0,0,0,0,0,0,0,0,0,1,0,0,1,1,0,0,0,0,0,500.0
43,736061.4,1.0,315000.0,1.0,0.0,0.0,0,1,0,0,1,0,0,0,0,0,0,0,0,0,0,1,0,1,315000.0
44,1302.3328,1.0,950.0,1.0,0.0,0.0,0,0,0,1,0,0,0,0,0,0,0,0,0,0,0,0,0,1,0.0
45,9079.381,2.0,9600.0,1.0,0.0,0.0,0,0,0,0,0,0,0,0,0,0,1,1,0,0,0,0,0,0,0.0
46,19159.928,3.0,750.0,0.15789473,0.0,0.0,0,1,0,0,0,0,0,0,0,0,0,1,0,0,0,0,0,0,750.0
47,305.60037,1.0,900.0,1.0,0.0,0.0,0,1,0,0,0,0,0,0,0,0,0,0,0,0,0,0,0,1,600.0
48,1710.2059,2.0,23.0,0.5,0.0,0.0,0,0,0,0,0,0,0,0,0,0,1,1,1,0,0,0,0,0,23.0
49,15971.783000000001,1.0,663.0,1.0,0.0,0.0,0,0,0,1,0,0,0,0,0,0,0,0,0,1,0,0,0,0,481.0
50,296505.75,1.0,19337.0,1.0,0.0,0.0,0,0,0,1,0,0,0,0,0,0,0,0,1,0,0,0,0,1,19337.0
51,13319.4795,2.0,71000.0,0.85,0.0,0.0,0,0,0,0,0,0,0,0,1,0,0,1,0,0,0,0,0,1,40000.0
52,14798.848,2.0,3100.0,0.19999999,0.0,0.0,0,0,0,0,0,0,0,0,0,0,1,1,0,0,0,0,0,0,3100.0
53,395529.03,1.0,252779.9,1.0,0.0,0.0,0,0,0,0,0,0,0,0,0,0,0,0,0,0,0,1,0,1,196606.6
54,118832.46,1.0,1704000.0,1.0,0.0,0.0,0,0,0,0,0,0,0,0,0,0,1,0,0,0,0,0,0,1,288000.0
55,146778.25,1.0,29380.0,1.0,0.0,0.0,0,1,0,0,0,0,0,0,0,0,0,0,0,0,0,1,0,0,29380.0
56,145164.8,1.0,36000.0,1.0,0.0,0.0,0,0,0,0,0,0,0,0,0,0,0,0,0,0,0,0,0,1,29000.0
57,1207.0739999999996,1.0,302.0,1.0,0.0,0.0,1,0,1,0,0,0,0,0,0,0,0,0,0,0,0,0,0,0,302.0
58,70406.26,1.0,6259.0,1.0,0.0,0.0,0,0,0,0,0,0,0,0,0,0,0,0,0,0,0,0,0,1,5259.0
59,14840.393,1.0,37.0,0.35000002,0.0,0.0,0,0,0,0,0,0,1,0,0,0,0,0,0,0,0,0,0,0,37.0
60,30259.137000000002,1.0,69552.0,1.0,0.0,0.0,0,0,0,0,0,0,0,0,0,0,1,0,0,0,0,0,0,0,57960.0
61,2555.5217,1.0,580.0,0.4,0.0,0.0,0,0,0,0,0,0,0,0,0,0,1,0,0,0,0,0,0,1,580.0
62,2387.2864,1.0,560.0,1.0,0.0,0.0,0,0,0,1,0,0,0,0,0,0,0,0,0,0,0,0,0,1,0.0
63,15387.577,2.0,1250.0,0.84999996,0.0,0.0,0,0,0,0,0,0,0,0,0,0,1,1,0,1,0,0,0,0,1250.0
64,647.77454,1.0,250.0,1.0,0.0,0.0,0,0,0,0,0,0,0,0,0,0,0,0,0,0,0,0,0,1,0.0
65,10989.018999999998,2.0,6450.0,0.3,0.0,0.0,0,0,0,0,0,0,0,0,0,0,1,1,0,0,1,0,0,1,6000.0
66,32528.22700000001,1.0,1000.0,1.0,0.0,0.0,0,0,0,0,0,0,0,0,0,0,0,0,0,0,0,0,0,1,0.0
67,5755.533,2.0,7000.0,1.0,0.0,0.0,0,0,0,0,0,0,0,0,0,0,0,1,0,0,0,0,0,0,6000.0
68,2248.0671,1.0,28.98,1.0,0.0,0.0,0,0,0,0,0,0,0,0,0,0,0,0,1,0,0,0,0,1,28.98
69,45818.82,3.0,800.0,0.3,0.0,0.0,0,0,0,0,0,0,1,0,0,0,0,1,1,0,0,0,0,0,800.0
70,4229.101,1.0,5890.0,1.0,0.0,0.0,1,0,1,0,0,0,0,0,0,0,0,0,0,0,0,0,0,1,5890.0
71,3827.6309,2.0,42.0,0.5,0.0,0.0,0,0,0,0,0,0,0,0,0,0,1,1,1,0,0,0,0,0,42.0
72,86205.32,1.0,6085.0,1.0,0.0,0.0,0,0,0,0,0,0,0,0,1,0,0,0,0,0,0,1,0,1,6085.0
73,805541.3,1.0,266604.0,1.0,0.0,0.0,0,1,0,0,0,1,0,0,0,0,0,0,0,0,0,1,0,0,247942.0
74,3527.506,1.0,1250.0,1.0,0.0,0.0,1,0,1,0,0,0,0,0,0,0,0,0,0,0,0,0,0,1,1250.0
75,13202.133,2.0,250.0,0.10000001,0.0,0.0,0,0,0,0,0,0,0,0,0,0,1,1,1,0,0,0,0,0,250.0
76,5474.154,4.0,300.0,0.14999999,0.0,0.0,1,0,1,0,0,0,0,0,0,0,0,1,0,0,1,0,0,1,250.0
77,14983.678999999998,1.0,460.4,1.0,0.0,0.0,0,0,0,0,0,0,0,0,0,0,1,0,1,0,0,0,0,1,460.4
78,1761.7,1.0,2000.0,1.0,0.0,0.0,0,0,0,0,0,0,0,0,0,0,0,0,0,0,0,0,0,1,0.0
79,2272.4917,1.0,210.0,1.0,0.0,0.0,0,0,0,1,0,0,0,0,0,0,0,0,0,0,0,0,0,0,0.0
80,374.47222999999997,1.0,240.0,1.0,0.0,0.0,1,0,1,0,0,0,0,0,0,0,0,0,0,0,0,0,0,1,240.0
81,36295.387,4.0,1070.0,0.2,0.0,0.0,0,0,0,0,0,0,0,0,1,0,0,1,0,0,0,0,0,1,0.0
82,3126.7605,1.0,2118.0,1.0,0.0,0.0,0,0,0,0,0,0,0,0,0,0,1,0,0,0,0,0,0,1,2118.0
83,4207493.5,1.0,829599.0,1.0,0.0,0.0,0,0,0,1,0,0,0,0,0,0,0,0,0,0,0,1,0,0,429599.0
84,521955.06,1.0,98254.5,1.0,0.0,0.0,0,1,0,0,0,1,0,0,0,0,0,0,0,0,0,1,1,0,29546.5
85,3781188.2,1.0,1893940.0,1.0,0.0,0.0,0,1,0,0,1,0,0,0,0,0,0,0,0,0,0,1,1,0,90000.0
86,597551.8,1.0,5268.0,1.0,0.0,0.0,0,0,0,0,0,0,0,0,1,0,0,0,0,0,0,1,0,1,5268.0
87,1468.3127,1.0,1375.0,1.0,0.0,0.0,1,0,1,0,0,0,0,0,0,0,0,0,0,0,0,0,0,0,1000.0
88,62838.84400000001,1.0,205.0,0.083333336,0.0,0.0,0,1,0,0,1,0,0,0,0,0,0,0,0,0,0,0,0,0,85.0
89,13079.128,2.0,1098.0,0.049999997000000004,0.0,0.0,1,0,1,0,0,0,0,0,0,0,0,1,0,0,0,0,0,0,1098.0
90,6416.1294,1.0,60.0,1.0,0.0,0.0,1,0,0,0,0,0,0,0,0,0,0,0,0,0,0,0,0,1,50.0
91,933.60156,2.0,200.0,0.19999999,0.0,0.0,0,0,0,0,0,0,0,0,0,0,0,1,0,0,0,0,0,1,0.0
92,608.883,2.0,110.0,0.1,0.0,0.0,1,0,1,0,0,0,0,0,0,0,0,1,0,0,0,0,0,0,110.0
93,2084.0935,1.0,50.0,0.75,0.0,0.0,0,0,0,0,0,0,0,0,1,0,0,0,1,0,0,0,0,0,50.0
94,6029032.5,1.0,2000000.0,1.0,0.0,0.0,0,0,0,0,0,0,0,0,1,0,0,0,0,0,0,0,0,1,800000.0
95,214168.98,1.0,3911.5,1.0,0.0,0.0,0,0,0,0,0,0,0,0,1,0,0,0,0,0,0,1,0,1,3911.5
96,10300.318000000001,2.0,864.0,1.0,0.0,0.0,1,0,1,0,0,0,0,0,0,0,0,1,1,0,0,0,0,0,864.0
97,26007.077999999998,1.0,18000.0,1.0,0.0,0.0,0,0,0,0,0,0,0,0,0,0,1,0,0,0,0,0,0,0,18000.0
98,24427.59,1.0,10427.0,1.0,0.0,0.0,1,0,0,0,0,0,0,0,0,0,0,0,0,0,0,0,0,1,3427.0
99,94895.53,1.0,812.0,1.0,0.0,0.0,0,0,0,0,0,0,0,0,1,0,0,0,0,0,0,1,0,1,812.0
100,59159.805,3.0,3000.0,0.5,0.0,0.0,0,0,0,0,0,0,0,0,1,0,0,1,1,0,0,0,0,0,3000.0
101,4827358.5,1.0,2300000.0,1.0,0.0,0.0,0,0,0,0,0,0,0,1,0,0,0,0,0,0,0,1,0,1,2300000.0
102,1250.8036,2.0,100.0,0.3,0.0,0.0,0,0,0,1,0,0,0,0,0,0,0,1,0,0,0,0,0,0,0.0
103,2856.5571,1.0,110.0,1.0,0.0,0.0,0,0,0,0,0,0,0,0,0,0,0,0,0,0,0,0,0,1,80.0
104,3782.3816,1.0,900.0,1.0,0.0,0.0,0,0,0,0,0,0,0,0,0,0,1,0,0,0,0,0,0,0,0.0
105,34293.086,3.0,7000.0,0.15,0.0,0.0,0,0,0,1,0,0,0,0,0,0,0,1,0,0,1,0,0,1,1500.0
106,5506.0117,1.0,3200.0,1.0,0.0,0.0,0,1,0,0,1,0,0,0,0,0,0,0,0,0,0,0,0,0,2500.0
107,2976.323,2.0,212.0,0.10000001,0.0,0.0,0,0,0,1,0,0,0,0,0,0,0,1,0,0,0,0,0,1,212.0
108,242249.75,1.0,144600.0,1.0,0.0,0.0,1,0,1,0,0,0,0,0,0,0,0,0,0,0,0,0,0,1,0.0
109,433554.7,1.0,178971.0,1.0,0.0,0.0,0,0,0,0,0,0,0,0,1,0,0,0,0,0,0,1,0,1,178971.0
110,5670.248000000001,2.0,48.0,0.625,0.0,0.0,0,0,0,0,0,0,0,0,1,0,0,1,0,1,0,0,0,0,25.0
111,914.8460699999999,1.0,90.0,1.0,0.0,0.0,1,0,1,0,0,0,0,0,0,0,0,0,0,0,0,0,0,0,0.0
112,3904869.0,1.0,932000.0,1.0,0.0,0.0,0,1,0,0,0,0,0,0,0,0,0,0,0,0,0,1,0,0,932000.0
113,587767.44,1.0,224616.0,1.0,0.0,0.0,0,0,0,0,0,0,1,0,0,0,0,0,0,0,0,1,0,1,224616.0
114,494.8282,1.0,3400.0,1.0,0.0,0.0,0,0,0,0,0,0,0,0,0,0,1,0,0,1,0,0,0,0,3000.0
115,5028.9927,1.0,660.0,1.0,0.0,0.0,0,0,0,1,0,0,0,0,0,0,0,0,0,0,0,0,0,0,660.0
116,6706593.0,1.0,2106000.0,1.0,0.0,30420.0,0,0,0,0,0,0,0,0,1,0,0,0,0,0,0,1,0,1,1800000.0
117,12431.656,1.0,116.0,0.29999998,0.0,0.0,0,0,0,0,0,0,1,0,0,0,0,0,1,0,0,0,0,0,116.0
118,11728.541000000001,1.0,21490.0,1.0,0.0,0.0,0,0,0,0,0,0,0,0,0,0,0,0,0,0,0,0,0,1,19572.0
119,4117.96,1.0,1080.0,1.0,0.0,0.0,0,0,0,0,0,0,0,0,0,0,1,0,0,0,0,0,0,0,1080.0
120,1511.2977,1.0,240.33,1.0,0.0,0.0,0,0,0,0,0,0,0,0,0,0,0,0,0,0,0,0,0,1,7.0
121,14798.848,2.0,1458.0,0.79999995,0.0,0.0,0,0,0,0,0,0,0,0,0,0,1,1,1,0,0,0,0,1,1458.0
122,7777.1216,2.0,38550.0,1.0,0.0,0.0,0,0,0,0,0,0,0,0,1,0,0,1,0,0,0,0,0,1,10000.0
123,271893.47,1.0,121500.0,1.0,0.0,1755.0,0,0,0,0,0,0,0,0,1,0,0,0,0,0,0,1,0,1,121500.0
124,21257.479,4.0,1000.0,1.0,0.0,0.0,0,0,0,0,0,0,1,0,0,0,0,1,0,0,0,0,0,0,0.0
125,461095.06,1.0,165320.0,1.0,0.0,0.0,0,1,0,0,0,1,0,0,0,0,0,0,0,0,0,1,0,0,125000.0
126,21257.479,4.0,40.0,0.20000002,0.0,0.0,0,0,0,0,0,0,1,0,0,0,0,1,1,0,0,0,0,0,40.0
127,1087999.4,1.0,466356.0,1.0,10599.0,0.0,0,1,0,0,1,0,0,0,0,0,0,0,0,0,0,1,0,1,466356.0
128,38273.934,1.0,7000.0,1.0,0.0,0.0,0,0,0,0,0,0,0,0,0,0,0,0,0,0,0,0,1,0,0.0
129,39303.66,2.0,40.0,0.05,0.0,0.0,0,0,0,0,0,0,0,0,0,0,1,1,0,0,1,0,0,0,0.0
130,5133.8057,1.0,140.0,0.90000004,0.0,0.0,0,0,0,0,0,0,0,0,0,0,1,0,1,0,0,0,0,0,140.0
131,4336627.0,1.0,492593.0,1.0,0.0,0.0,0,0,0,0,0,0,0,0,1,0,0,0,0,0,0,1,0,1,492593.0
132,1151.445,1.0,40.0,0.7,0.0,0.0,1,0,1,0,0,0,0,0,0,0,0,0,0,0,0,0,0,1,30.0
133,3583.7263,1.0,3600.0,0.64285713,0.0,0.0,0,1,0,0,1,0,0,0,0,0,0,0,0,0,0,0,0,0,3300.0
134,15532.171,1.0,11439.0,1.0,0.0,0.0,0,0,0,0,0,0,0,0,0,0,0,0,0,0,0,0,0,0,11439.0
135,536351.94,1.0,205770.0,1.0,0.0,0.0,0,0,0,0,0,0,0,0,0,0,0,0,0,0,0,1,0,0,205770.0
136,9066.952,3.0,1032.0,0.5,0.0,0.0,0,0,0,0,0,0,0,0,1,0,0,1,0,0,0,0,0,0,0.0
137,1043.9493,1.0,100.0,1.0,0.0,0.0,0,0,0,0,0,0,0,0,0,0,0,0,0,0,0,0,0,1,0.0
138,11511.427,3.0,500.0,0.5,0.0,0.0,0,0,0,0,0,0,0,0,1,0,0,1,0,0,0,0,0,0,0.0
139,47109.246,2.0,1163.0,0.5294118,0.0,0.0,0,0,0,0,0,0,1,0,0,0,0,1,1,0,0,0,0,0,1163.0
140,32478.8,1.0,1500.0,1.0,0.0,0.0,0,0,0,0,0,0,0,0,0,0,1,0,0,0,0,0,0,0,520.0
141,16339.447,2.0,1000.0,0.5,0.0,0.0,0,1,0,0,0,0,0,0,0,0,0,1,0,0,0,0,0,1,0.0
142,4673.1733,4.0,20.0,0.117647044,0.0,0.0,0,0,0,0,0,0,0,0,1,0,0,1,0,0,0,0,0,0,20.0
143,1352201.1,1.0,451304.0,1.0,0.0,0.0,0,0,0,0,0,0,0,0,0,0,0,0,0,0,0,1,0,1,451304.0
144,88994.86,1.0,211400.0,1.0,0.0,0.0,0,0,0,0,0,0,0,0,0,0,1,0,0,0,0,0,0,0,180600.0
145,23457.916,1.0,2515.0,1.0,0.0,0.0,0,0,0,1,0,0,0,0,0,0,0,0,0,1,0,0,0,0,1780.0
146,715.4725,1.0,615.0,1.0,0.0,0.0,0,0,0,1,0,0,0,0,0,0,0,0,0,0,0,0,0,1,350.0
147,455785.75,1.0,228800.0,1.0,0.0,0.0,0,0,0,0,0,0,1,0,0,0,0,0,0,0,0,1,0,1,228800.0
148,3414.4106,1.0,8250.0,1.0,0.0,0.0,1,0,1,0,0,0,0,0,0,0,0,0,0,0,0,0,0,0,3750.0
149,43167.687999999995,3.0,1680.0,0.04950495,0.0,0.0,0,0,0,0,0,0,0,0,1,0,0,1,0,0,1,0,0,1,800.0
150,220575.69,2.0,2895.0,0.5294118,0.0,0.0,0,0,0,0,0,0,1,0,0,0,0,1,1,0,0,0,0,0,2895.0
151,719.8897,1.0,20.0,1.0,0.0,0.0,0,0,0,1,0,0,0,0,0,0,0,0,0,0,0,0,0,0,20.0
152,98963.21,1.0,1734.0,1.0,0.0,0.0,0,0,0,0,0,0,0,0,0,0,0,0,0,0,0,0,0,1,1381.0
153,3116.5454,2.0,2105.0,1.0,0.0,0.0,0,0,0,0,0,0,0,0,0,0,1,1,0,0,0,0,0,0,0.0
154,1600.8804,1.0,1000.0,1.0,0.0,0.0,0,0,0,0,0,0,0,0,0,0,0,0,0,0,0,0,0,1,0.0
155,1285.1609,1.0,16.41,1.0,0.0,0.0,0,0,0,0,0,0,0,0,0,0,0,0,1,0,0,0,0,1,16.41
156,41823.54,2.0,65100.0,1.0,0.0,0.0,0,0,0,0,0,0,0,0,1,0,0,1,0,0,0,0,0,1,30000.0
157,1516351.0,1.0,36267.0,1.0,0.0,0.0,0,1,0,0,0,0,0,0,0,0,0,0,0,0,0,1,0,1,36267.0
158,57438.54,1.0,1025.0,1.0,0.0,0.0,0,0,0,0,0,0,0,0,0,0,0,0,0,0,0,0,0,1,875.0
159,1342780.0,1.0,217100.0,1.0,0.0,0.0,0,0,0,0,0,0,0,0,1,0,0,0,0,0,0,1,0,1,215600.0
160,15530.548999999999,1.0,59600.0,1.0,0.0,0.0,0,0,0,0,0,0,0,0,0,0,1,0,0,0,0,0,0,0,28800.0
161,3899.3738,1.0,3000.0,1.0,0.0,0.0,0,0,0,1,0,0,0,0,0,0,0,0,0,0,0,0,0,0,0.0
162,1743.8434,2.0,29.0,0.70000005,0.0,0.0,0,0,0,0,0,0,0,0,0,0,1,1,1,0,0,0,0,0,29.0
163,36295.387,4.0,2090.0,0.4,0.0,0.0,0,0,0,0,0,0,0,0,1,0,0,1,0,0,0,0,0,0,0.0
164,124758.76,1.0,14933.0,1.0,0.0,0.0,0,0,0,0,0,0,0,0,0,0,0,0,0,0,0,0,0,1,11933.0
165,641.29755,1.0,35.0,1.0,0.0,0.0,1,0,1,0,0,0,0,0,0,0,0,0,0,0,0,0,0,1,35.0
166,15894.007,2.0,425.0,0.049999997000000004,0.0,0.0,0,0,0,0,0,0,0,0,0,0,0,1,0,1,0,0,0,1,340.0
167,13319.4795,2.0,1500.0,1.0,0.0,0.0,0,0,0,0,0,0,0,0,1,0,0,1,0,0,0,0,0,0,1500.0
168,90028.16,1.0,248.0,0.2,0.0,0.0,0,0,0,0,0,0,1,0,0,0,0,0,0,0,0,0,0,0,248.0
169,9076.009,1.0,129.0,0.25,0.0,0.0,0,0,0,0,0,0,1,0,0,0,0,0,1,0,0,0,0,0,129.0
170,199708.31,1.0,232000.0,1.0,0.0,0.0,0,1,0,0,0,0,0,0,0,0,0,0,0,0,0,0,0,1,166000.0
171,258674.72,1.0,440000.0,1.0,0.0,0.0,0,0,0,0,0,0,0,0,0,0,0,0,0,0,0,0,0,1,440000.0
172,39101.76,2.0,13200.0,0.6,0.0,0.0,0,1,0,0,1,0,0,0,0,0,0,1,0,0,0,0,0,0,6600.0
173,40290.094,1.0,20800.0,1.0,0.0,0.0,0,0,0,0,0,0,0,0,0,0,0,0,0,1,0,0,0,1,19200.0
174,289484.6,1.0,66180.0,1.0,0.0,0.0,0,1,0,0,0,0,0,0,0,0,0,0,0,0,0,1,0,0,66180.0
175,16068.403,2.0,408.0,0.75000006,0.0,0.0,0,0,0,1,0,0,0,0,0,0,0,1,1,0,0,0,0,0,408.0
176,29285.654,2.0,305.0,0.8,0.0,0.0,0,0,0,0,0,0,0,0,0,0,0,1,1,0,0,0,0,0,305.0
177,828.36835,1.0,30.0,1.0,0.0,0.0,0,1,0,0,0,0,0,0,0,0,0,0,0,0,0,0,0,0,30.0
178,19159.928,3.0,14080.0,0.6315789,0.0,0.0,0,1,0,0,0,0,0,0,0,0,0,1,0,0,0,0,0,0,14080.0
179,22744.992000000002,4.0,1900.0,0.29999998,0.0,0.0,0,0,0,0,0,0,0,0,0,0,1,1,0,0,0,0,0,1,1800.0
180,34002.336,2.0,130.0,0.3,0.0,0.0,0,0,0,0,0,0,1,0,0,0,0,1,1,0,0,0,0,0,130.0
181,399102.88,1.0,166500.0,1.0,0.0,2405.0,0,0,0,0,0,0,0,0,1,0,0,0,0,0,0,1,0,1,112500.0
182,1510493.5,1.0,11000.0,1.0,0.0,0.0,0,0,0,0,0,0,0,0,0,1,0,0,0,0,0,0,0,1,11000.0
183,45818.82,3.0,3250.0,0.7,0.0,0.0,0,0,0,0,0,0,1,0,0,0,0,1,0,1,0,0,0,0,1250.0
184,872.4403,1.0,1287.0,1.0,0.0,0.0,0,0,0,0,0,0,0,0,0,0,0,0,0,0,0,0,0,0,1287.0
185,1012.7815,2.0,60.0,0.09999999400000001,0.0,0.0,0,0,0,1,0,0,0,0,0,0,0,1,0,0,0,0,0,0,0.0
186,2007.7942,1.0,1600.0,1.0,0.0,0.0,0,0,0,0,0,0,0,0,0,0,0,0,0,0,0,0,0,1,1600.0
187,1504.3405,1.0,2256.0,1.0,0.0,0.0,0,0,0,0,0,0,0,0,0,0,0,0,0,0,0,0,0,0,2256.0
188,3153.4524,1.0,261.0,1.0,0.0,0.0,1,0,1,0,0,0,0,0,0,0,0,0,1,0,0,0,0,0,261.0
189,397.95972,1.0,1000.0,1.0,0.0,0.0,0,0,0,0,0,0,0,0,0,0,0,0,0,0,0,0,0,1,0.0
190,14693.514,1.0,36750.0,1.0,0.0,0.0,1,0,1,0,0,0,0,0,0,0,0,0,0,0,0,0,0,0,36750.0
191,19070.385,3.0,10290.0,0.29999998,0.0,0.0,0,0,0,0,0,0,0,0,0,0,0,1,0,0,0,0,0,1,9240.0
192,728.11676,1.0,2641.0,1.0,0.0,0.0,0,0,0,0,0,0,0,0,0,0,0,0,0,0,0,0,0,1,2391.0
193,868.82385,4.0,20.0,0.2,0.0,0.0,0,0,0,0,0,0,0,0,0,0,1,1,0,0,0,0,0,1,20.0
194,277271.72,2.0,200.0,0.09999999400000001,0.0,0.0,0,0,0,0,0,0,1,0,0,0,0,1,0,0,0,0,0,1,0.0
195,567602.56,1.0,244168.0,1.0,0.0,0.0,0,0,0,0,0,0,0,0,0,0,0,0,0,0,0,1,0,0,244168.0
196,43546.945,1.0,39200.0,1.0,0.0,0.0,1,0,1,0,0,0,0,0,0,0,0,0,0,0,0,0,0,0,32000.0
197,11147.481000000002,1.0,158.0,1.0,0.0,0.0,0,0,0,0,0,0,1,0,0,0,0,0,1,0,0,0,0,0,158.0
198,454612.12,1.0,223750.0,1.0,0.0,0.0,0,0,0,0,0,0,0,0,0,0,0,0,0,0,0,1,0,1,223750.0
199,13202.133,2.0,420.0,0.20000002,0.0,0.0,0,0,0,0,0,0,0,0,0,0,1,1,0,0,0,0,0,1,20.0
200,52739.48,1.0,2472.0,1.0,0.0,0.0,0,0,0,0,0,0,0,0,0,0,0,0,1,0,0,0,0,1,2472.0
201,130686.055,4.0,1375.0,0.95000005,0.0,0.0,0,0,0,1,0,0,0,0,0,0,0,1,0,1,0,0,0,0,1300.0
202,763.7096,1.0,24.0,0.98,0.0,0.0,1,0,1,0,0,0,0,0,0,0,0,0,0,0,0,0,0,0,4.0
203,3362.0483,3.0,19500.0,0.15789473,0.0,0.0,0,0,0,0,0,0,0,0,0,0,1,1,0,0,0,0,0,1,0.0
204,99785.82,1.0,16467.0,1.0,0.0,0.0,1,0,1,0,0,0,0,0,0,0,0,0,0,0,0,0,0,1,16467.0
205,606744.56,1.0,185000.0,1.0,0.0,0.0,0,1,0,0,0,0,0,0,0,0,0,0,0,0,0,1,0,0,185000.0
206,2324.4944,1.0,4065.7,1.0,0.0,0.0,0,0,0,0,0,0,0,0,0,0,0,0,0,0,0,0,0,0,3455.85
207,8796.839,1.0,150.0,1.0,0.0,0.0,0,0,0,0,0,0,0,0,0,0,0,0,0,0,0,0,0,0,120.0
208,347769.3,1.0,112358.0,1.0,0.0,0.0,0,0,0,0,0,0,0,0,1,0,0,0,0,0,0,1,0,1,112358.0
209,12313.96,1.0,9000.0,1.0,0.0,0.0,1,0,0,0,0,0,0,0,0,0,0,0,0,0,0,0,0,1,9000.0
210,8684584.0,1.0,3821928.0,1.0,0.0,0.0,0,0,0,0,0,0,0,0,1,0,0,0,0,0,0,1,0,1,3821928.0
211,9066.952,3.0,504.0,0.5,0.0,0.0,0,0,0,0,0,0,0,0,1,0,0,1,1,0,0,0,0,1,504.0
212,22237.701,1.0,130.0,0.45000002,0.0,0.0,0,0,0,0,0,0,1,0,0,0,0,0,0,0,0,0,0,0,130.0
213,8557.484,2.0,36000.0,1.0,0.0,0.0,0,1,0,0,1,0,0,0,0,0,0,1,0,0,0,0,0,1,33000.0
214,881.09784,1.0,44.55,1.0,0.0,0.0,0,0,0,0,0,0,0,0,0,0,0,0,0,0,0,0,0,0,44.55
215,166466.81,2.0,8880.0,0.59999996,0.0,0.0,0,0,0,0,0,0,0,0,0,1,0,1,1,0,0,0,0,0,8880.0
216,4787758.0,1.0,1482000.0,1.0,0.0,0.0,0,0,0,0,0,0,0,0,0,0,0,0,0,0,0,1,0,1,1482000.0
217,2583.9365,1.0,45.0,1.0,0.0,0.0,0,0,0,1,0,0,0,0,0,0,0,0,1,0,0,0,0,0,45.0
218,219911.34,1.0,329400.0,1.0,0.0,0.0,1,0,1,0,0,0,0,0,0,0,0,0,0,0,0,0,0,0,256200.0
219,10785.322,1.0,896.0,1.0,0.0,0.0,0,0,0,0,0,0,0,0,0,0,1,0,0,1,0,0,0,0,896.0
220,1137444.6,1.0,416250.0,1.0,0.0,0.0,0,0,0,0,0,0,0,0,0,0,0,0,0,0,0,1,0,1,416250.0
221,56122.234000000004,1.0,721.75,1.0,0.0,0.0,0,0,0,0,0,0,0,0,0,0,0,0,1,0,0,0,0,1,721.75
222,349362.34,1.0,112875.0,1.0,0.0,0.0,0,0,0,0,0,0,0,0,1,0,0,0,0,0,0,1,0,1,112875.0
223,47137.758,1.0,157230.0,1.0,0.0,0.0,0,0,0,0,0,0,0,0,0,0,1,0,0,0,0,0,0,0,131026.0
224,19159.928,3.0,275.0,0.21052632,0.0,0.0,0,1,0,0,0,0,0,0,0,0,0,1,0,0,0,0,0,1,275.0
225,5524.75,1.0,130.0,1.0,0.0,0.0,0,0,0,0,0,0,0,0,0,0,0,0,0,0,0,0,0,1,50.0
226,20445.9,4.0,680.0,0.14999999,0.0,0.0,0,0,0,1,0,0,0,0,0,0,0,1,0,0,1,0,0,0,600.0
227,32492.808999999997,1.0,6000.0,0.75000006,0.0,0.0,0,0,0,0,0,0,0,0,0,0,0,0,0,0,0,0,0,1,4800.0
228,79439.62,3.0,195.0,0.40000004,0.0,0.0,0,0,0,0,0,0,0,0,0,0,0,1,0,0,0,0,0,1,195.0
229,3161.54,3.0,13.5,0.16666667,0.0,0.0,0,0,0,0,0,0,0,0,1,0,0,1,0,0,0,0,0,0,0.0
230,5245.491,1.0,1560.0,1.0,0.0,0.0,0,0,0,0,0,0,0,0,0,0,1,0,0,0,0,0,0,1,0.0
231,18653.811999999998,1.0,29400.0,1.0,0.0,0.0,0,0,0,0,0,0,0,0,0,0,1,0,0,0,0,0,0,0,0.0
232,34293.086,3.0,16100.0,0.8500001,0.0,0.0,0,0,0,1,0,0,0,0,0,0,0,1,0,1,0,0,0,1,2000.0
233,1032.6678,2.0,3.0,0.050000004,0.0,0.0,1,0,1,0,0,0,0,0,0,0,0,1,0,0,0,0,0,0,0.0
234,3999.9827,1.0,6200.0,1.0,0.0,0.0,0,1,0,0,0,0,0,0,0,0,0,0,0,0,0,0,0,0,3000.0
235,36541.613,1.0,2587.0,1.0,0.0,0.0,0,0,0,1,0,0,0,0,0,0,0,0,0,0,0,0,0,1,2587.0
236,42765.918,1.0,2500.0,0.4,0.0,0.0,0,0,0,0,0,0,1,0,0,0,0,0,0,0,0,0,0,0,0.0
237,19070.385,3.0,3450.0,0.45,0.0,0.0,0,0,0,0,0,0,0,0,0,0,0,1,0,0,1,0,0,1,2550.0
238,537212.56,1.0,204000.0,1.0,0.0,0.0,0,0,0,0,0,0,0,0,0,0,1,0,0,0,0,1,0,1,204000.0
239,2784.9563,1.0,39.0,0.15,0.0,0.0,0,0,0,0,0,0,1,0,0,0,0,0,1,0,0,0,0,0,39.0
240,529353.94,1.0,256293.3,1.0,0.0,0.0,0,0,0,0,0,0,0,0,0,1,0,0,0,0,0,1,0,0,0.0
241,41663.066,1.0,1800.0,1.0,0.0,0.0,1,0,0,0,0,0,0,0,0,0,0,0,0,0,0,0,0,1,1500.0
242,551080.3,1.0,187000.0,1.0,0.0,950.5,0,1,0,0,0,0,0,0,0,0,0,0,0,0,0,1,0,1,187000.0
243,42740.316,1.0,67500.0,1.0,0.0,0.0,0,0,0,0,0,0,0,0,0,0,1,0,0,0,0,0,0,0,0.0
244,1743.2489,1.0,10000.0,0.8,0.0,0.0,0,0,0,0,0,0,0,0,0,0,1,0,0,0,0,0,0,1,0.0
245,2125.8418,2.0,50.0,0.1,0.0,0.0,1,0,1,0,0,0,0,0,0,0,0,1,0,0,0,0,0,0,30.0
246,5095.6313,2.0,510.0,0.6875,0.0,0.0,0,0,0,1,0,0,0,0,0,0,0,1,0,0,0,0,0,0,375.0
247,57698.687999999995,1.0,87230.0,1.0,0.0,0.0,1,0,1,0,0,0,0,0,0,0,0,0,0,0,0,0,0,1,75220.0
248,3577.5537,2.0,3400.0,0.7,0.0,0.0,0,0,0,0,0,0,0,0,0,0,0,1,0,0,0,0,0,1,3000.0
249,2257.1958,1.0,150.0,1.0,0.0,0.0,0,1,0,0,0,0,0,0,0,0,0,0,0,0,1,0,0,0,150.0
250,27551.105,2.0,22400.0,0.9,0.0,0.0,0,0,0,1,0,0,0,0,0,0,0,1,0,1,0,0,0,1,10000.0
251,13079.128,2.0,1098.0,0.95000005,0.0,0.0,1,0,1,0,0,0,0,0,0,0,0,1,1,0,0,0,0,0,1098.0
252,18460.97,1.0,18200.0,1.0,0.0,0.0,0,0,0,1,0,0,0,0,0,0,0,0,0,0,0,0,0,1,0.0
253,59159.805,3.0,6000.0,0.1,0.0,0.0,0,0,0,0,0,0,0,0,1,0,0,1,0,0,1,0,0,1,3200.0
254,3287.4517,2.0,52.5,0.52941173,0.0,0.0,0,0,0,1,0,0,0,0,0,0,0,1,1,0,0,0,0,0,52.5
255,4239.3420000000015,3.0,70.0,0.4,0.0,0.0,0,0,0,1,0,0,0,0,0,0,0,1,1,0,0,0,0,0,70.0
256,40598.664,1.0,38460.0,1.0,0.0,0.0,0,0,0,0,0,0,0,0,0,0,1,0,0,0,0,0,0,0,30500.0
257,3667.3071,1.0,720.0,1.0,0.0,0.0,0,0,0,0,0,0,0,0,0,0,1,0,0,0,0,0,0,0,0.0
258,64204.765999999996,1.0,4323.6,1.0,0.0,0.0,0,0,0,0,0,0,0,0,0,0,0,0,0,0,0,0,0,1,4323.6
259,1243641.9,1.0,494340.0,1.0,0.0,0.0,0,1,0,0,0,1,0,0,0,0,0,0,0,0,0,1,0,1,294340.0
260,79439.62,3.0,3975.0,0.5,0.0,0.0,0,0,0,0,0,0,0,0,0,0,0,1,1,0,0,0,0,0,3975.0
261,21366.757999999998,1.0,375.0,1.0,0.0,0.0,0,0,0,0,0,0,0,0,0,0,0,0,0,0,0,0,0,1,299.0
262,4363.315,2.0,54.0,0.6666666,0.0,0.0,0,0,0,0,0,0,1,0,0,0,0,1,1,0,0,0,0,0,54.0
263,1968.6660000000002,1.0,100.0,1.0,0.0,0.0,0,0,0,0,0,0,0,0,0,0,1,0,0,0,0,0,0,0,100.0
264,4592.1733,1.0,828000.0,1.0,0.0,0.0,0,0,0,1,0,0,0,0,0,0,0,0,0,0,0,0,0,1,0.0
265,837.2348599999997,1.0,70.0,1.0,0.0,0.0,0,0,0,1,0,0,0,0,0,0,0,0,0,0,0,0,0,1,0.0
266,1513.1399,1.0,1135.0,1.0,0.0,0.0,0,0,0,0,0,0,0,0,0,0,0,0,0,0,0,0,0,0,1135.0
267,2742.0857,1.0,285.0,1.0,0.0,0.0,1,0,0,0,0,0,0,0,0,0,0,0,0,1,0,0,0,0,150.0
268,34293.086,3.0,1300.0,0.8,0.0,0.0,0,0,0,1,0,0,0,0,0,0,0,1,1,0,0,0,0,1,1300.0
269,142166.42,1.0,232750.0,1.0,0.0,0.0,0,0,0,0,0,0,0,0,0,0,1,0,0,0,0,0,0,0,146650.0
270,26080.83,1.0,584.0,1.0,0.0,0.0,0,0,0,0,0,0,0,0,0,0,1,0,1,0,0,0,0,1,584.0
271,2074.0261,1.0,10372.0,1.0,0.0,0.0,0,0,0,0,0,0,0,0,0,0,0,0,0,0,0,0,0,0,10372.0
272,4067.5269,2.0,11000.0,1.0,0.0,0.0,0,0,0,0,0,0,0,0,1,0,0,1,0,0,0,0,0,0,11000.0
273,8491.265,2.0,630.0,0.9,0.0,0.0,0,0,0,0,0,0,0,0,0,0,1,1,0,1,0,0,0,0,630.0
274,39101.76,2.0,10.0,0.15,0.0,0.0,0,1,0,0,1,0,0,0,0,0,0,1,0,0,0,0,0,0,0.0
275,23279.492000000002,1.0,26500.0,1.0,0.0,0.0,0,0,0,0,0,0,0,0,0,0,1,0,0,0,0,0,0,0,9000.0
276,1928146.2,1.0,844900.0,1.0,0.0,0.0,0,1,0,0,1,0,0,0,0,0,0,0,0,0,0,1,1,0,844900.0
277,841066.8,1.0,321645.0,1.0,0.0,0.0,0,0,0,0,0,0,0,1,0,0,0,0,0,0,0,1,0,0,321645.0
278,2083.067,1.0,97.0,1.0,0.0,0.0,0,0,0,1,0,0,0,0,0,0,0,0,0,0,0,0,0,0,97.0
279,1470946.6,1.0,261653.0,1.0,0.0,0.0,0,0,0,0,0,0,0,0,1,0,0,0,0,0,0,1,0,1,261653.0
280,11511.427,3.0,264.0,0.5,0.0,0.0,0,0,0,0,0,0,0,0,1,0,0,1,1,0,0,0,0,1,264.0
281,82913.43,2.0,615.0,0.15,0.0,0.0,0,0,0,1,0,0,0,0,0,0,0,1,1,0,0,0,0,0,615.0
282,746365.7,1.0,183763.0,1.0,0.0,0.0,0,0,0,0,0,0,0,0,0,0,1,0,0,0,0,1,0,1,183763.0
