,LSF_ID,Province,District,Plot No,Plot area(m^2),Organic fertilizer,organic fertilizer used (kg),inorganic fertilizer,crop_name,DAP,N/Ainorganic fertilizer type,NPK 17-17-17,Urea,Lliquid urea,Other inorganic fertilizer (to specify),NPK 20-10-10,KCL/MOP,NPK 25-5-5
22,12001.0,Kigali,Gasabo,3.0,37865.1343842,1,10000.0,1,Maize for fodder,118900.0,0.0,0.0,0.0,0.0,0.0,0.0,0.0,0.0
5760,12001.0,Kigali,Gasabo,6.0,43255.7991067,1,25000.0,1,Maize,137350.0,0.0,0.0,0.0,0.0,0.0,0.0,0.0,0.0
8640,12001.0,Kigali,Gasabo,8.0,169087.335806,1,92000.0,1,Maize,5494.0,0.0,0.0,0.0,0.0,0.0,0.0,0.0,0.0
14422,12001.0,Kigali,Gasabo,29.0,57698.6890444,1,15000.0,1,Maize for fodder,435.0,0.0,0.0,0.0,0.0,0.0,0.0,0.0,0.0
17302,12001.0,Kigali,Gasabo,30.0,65585.0262224,1,17500.0,1,Maize for fodder,207870.0,0.0,0.0,0.0,0.0,0.0,0.0,0.0,0.0
20182,12001.0,Kigali,Gasabo,32.0,3761.81803918,1,1000.0,1,Maize for fodder,30.0,0.0,0.0,0.0,0.0,0.0,0.0,0.0,0.0
23062,12001.0,Kigali,Gasabo,33.0,5528.74753489,1,1300.0,1,Maize for fodder,30.0,0.0,0.0,0.0,0.0,0.0,0.0,0.0,0.0
25920,12002.0,Kigali,Gasabo,5.0,242249.752812,1,7230.0,1,Maize,1482150.0,0.0,0.0,0.0,0.0,0.0,0.0,0.0,0.0
28822,12003.0,Kigali,Gasabo,8.0,105113.149787,1,420400.0,1,Maize for fodder,0.0,0.0,750.0,0.0,0.0,0.0,0.0,0.0,0.0
31702,12003.0,Kigali,Gasabo,9.0,92874.0422306,1,371600.0,1,Maize for fodder,0.0,0.0,663.0,0.0,0.0,0.0,0.0,0.0,0.0
34582,12004.0,Kigali,Gasabo,1.0,49809.0121181,1,4000.0,1,Maize for fodder,205000.0,0.0,0.0,0.0,0.0,0.0,0.0,0.0,0.0
43222,12005.0,Kigali,Gasabo,5.0,5519.45674314,1,400.0,1,Maize for fodder,10250.0,0.0,0.0,0.0,0.0,0.0,0.0,0.0,0.0
46102,12005.0,Kigali,Gasabo,6.0,27259.8149659,1,200.0,1,Maize for fodder,16400.0,0.0,0.0,0.0,0.0,0.0,0.0,0.0,0.0
66262,12005.0,Kigali,Gasabo,18.0,0.0,1,2000.0,1,Maize for fodder,20500.0,0.0,0.0,0.0,0.0,0.0,0.0,0.0,0.0
69142,12005.0,Kigali,Gasabo,19.0,16096.1727637,0,0.0,1,Maize for fodder,20500.0,0.0,0.0,0.0,0.0,0.0,0.0,0.0,0.0
72000,12006.0,Kigali,Gasabo,1.0,70123.4843402,1,2000.0,1,Maize,1000.0,0.0,0.0,0.0,0.0,0.0,0.0,0.0,0.0
80640,12010.0,Kigali,Gasabo,3.0,5130.09858287,1,3600.0,1,Maize,14350.0,0.0,0.0,0.0,0.0,0.0,0.0,0.0,0.0
86400,12010.0,Kigali,Gasabo,9.0,870.404418441,1,1500.0,1,Maize,4100.0,0.0,0.0,1775.0,0.0,0.0,0.0,0.0,0.0
106606,13001.0,Kigali,Kicukiro,3.0,12313.9592992,1,2000.0,1,Maize for fodder,0.0,0.0,15000.0,0.0,0.0,0.0,0.0,0.0,0.0
109486,13001.0,Kigali,Kicukiro,7.0,2251.63113444,1,520.0,1,Maize for fodder,0.0,0.0,4800.0,0.0,0.0,0.0,0.0,0.0,0.0
115235,13003.0,Kigali,Kicukiro,2.0,118.936436328,1,720.0,1,Sweet pepper,0.0,0.0,8.0,0.0,1.0,0.0,0.0,0.0,0.0
118110,13003.0,Kigali,Kicukiro,3.0,147.851918069,1,720.0,1,Tomato,0.0,0.0,8.0,0.0,1.0,0.0,0.0,0.0,0.0
120990,13003.0,Kigali,Kicukiro,5.0,149.210880836,1,720.0,1,Tomato,0.0,0.0,8.0,0.0,1.0,0.0,0.0,0.0,0.0
123875,13003.0,Kigali,Kicukiro,6.0,146.191206304,1,720.0,1,Sweet pepper,0.0,0.0,8.0,0.0,1.0,0.0,0.0,0.0,0.0
126750,13003.0,Kigali,Kicukiro,7.0,224.079294848,1,1200.0,1,Tomato,0.0,0.0,12.0,0.0,1.0,0.0,0.0,0.0,0.0
138277,13005.0,Kigali,Kicukiro,13.0,24427.5895716,1,8000.0,1,French bean,48000.0,0.0,0.0,78000.0,0.0,0.0,0.0,0.0,0.0
161923,21001.0,South,Nyanza,11.0,24556.6020223,0,0.0,1,Coffee,0.0,0.0,373.0,0.0,0.0,0.0,0.0,0.0,0.0
176304,21001.0,South,Nyanza,19.0,93421.1577484,1,7000.0,1,Maize,1494.0,0.0,0.0,373.5,0.0,0.0,0.0,0.0,0.0
179184,21001.0,South,Nyanza,20.0,125485.334136,1,1000.0,1,Maize,2008.0,0.0,0.0,502.0,0.0,0.0,0.0,0.0,0.0
182064,21001.0,South,Nyanza,21.0,20235.1210531,1,1600.0,1,Maize,322.0,0.0,0.0,80.0,0.0,0.0,0.0,0.0,0.0
184944,21001.0,South,Nyanza,23.0,10829.3942493,1,850.0,1,Maize,172.0,0.0,0.0,43.0,0.0,0.0,0.0,0.0,0.0
187824,21001.0,South,Nyanza,26.0,39840.8294529,1,3000.0,1,Maize,637.0,0.0,0.0,159.0,0.0,0.0,0.0,0.0,0.0
190704,21001.0,South,Nyanza,27.0,12819.6693192,1,1000.0,1,Maize,204.0,0.0,0.0,51.0,0.0,0.0,0.0,0.0,0.0
193585,21002.0,South,Nyanza,2.0,1516351.0,1,94200.0,1,Paddy rice,0.0,0.0,4710.0,2355.0,0.0,0.0,0.0,0.0,0.0
196465,21007.0,South,Nyanza,1.0,1791965.5,1,716920.0,1,Paddy rice,0.0,0.0,35846.0,17923.0,0.0,0.0,0.0,0.0,0.0
199368,22001.0,South,Gisagara,1.0,2810.88715523,1,1000.0,1,Maize,7.5,0.0,0.0,15.0,0.0,0.0,0.0,0.0,0.0
202248,22001.0,South,Gisagara,5.0,8557.48498673,1,350.0,1,Maize,2.0,0.0,0.0,4.0,0.0,0.0,0.0,0.0,0.0
210888,22001.0,South,Gisagara,8.0,7615.9382017,1,4000.0,1,Maize,50.0,0.0,0.0,100.0,0.0,0.0,0.0,0.0,0.0
213768,22001.0,South,Gisagara,10.0,14900.5425157,1,4000.0,1,Maize,42.5,0.0,0.0,82.0,0.0,0.0,0.0,0.0,0.0
228168,22002.0,South,Gisagara,1.0,450272.90625,1,205000.0,1,Maize,2400.0,0.0,0.0,1200.0,0.0,0.0,0.0,0.0,0.0
231049,22003.0,South,Gisagara,1.0,736061.4375,0,0.0,1,Paddy rice,0.0,0.0,14000.0,7000.0,0.0,0.0,0.0,0.0,0.0
233929,22004.0,South,Gisagara,1.0,1273336.75,1,1519500.0,1,Paddy rice,10000.0,0.0,0.0,0.0,0.0,0.0,0.0,0.0,0.0
236809,22005.0,South,Gisagara,1.0,1175108.875,1,16000.0,1,Paddy rice,0.0,0.0,160000.0,8000.0,0.0,0.0,0.0,0.0,0.0
239707,22006.0,South,Gisagara,5.0,15272.5368397,1,10000.0,1,Coffee,0.0,0.0,0.0,0.0,0.0,79.0,0.0,0.0,0.0
242587,22006.0,South,Gisagara,6.0,62838.843714,1,20000.0,1,Coffee,0.0,0.0,0.0,0.0,0.0,1038.0,0.0,0.0,0.0
245467,22006.0,South,Gisagara,18.0,15438.4036935,1,10000.0,1,Coffee,0.0,0.0,0.0,0.0,0.0,167.0,0.0,0.0,0.0
248347,22006.0,South,Gisagara,24.0,75937.0087759,1,23000.0,1,Coffee,0.0,0.0,0.0,0.0,0.0,482.0,0.0,0.0,0.0
251227,22006.0,South,Gisagara,28.0,19210.9186636,1,2900.0,1,Coffee,0.0,0.0,0.0,0.0,0.0,65.0,0.0,0.0,0.0
254107,22006.0,South,Gisagara,29.0,3366.1193985,1,700.0,1,Coffee,0.0,0.0,0.0,0.0,0.0,15.0,0.0,0.0,0.0
256987,22006.0,South,Gisagara,30.0,49491.3443461,1,18000.0,1,Coffee,0.0,0.0,0.0,0.0,0.0,506.0,0.0,0.0,0.0
259867,22006.0,South,Gisagara,34.0,58681.3309346,1,12400.0,1,Coffee,0.0,0.0,0.0,0.0,0.0,309.0,0.0,0.0,0.0
262729,22007.0,South,Gisagara,1.0,4143304.75,0,0.0,1,Paddy rice,0.0,0.0,83456.0,41728.0,0.0,0.0,0.0,0.0,0.0
265608,22008.0,South,Gisagara,1.0,1133312.75,1,37000.0,1,Maize,3000.0,0.0,0.0,0.0,0.0,0.0,0.0,0.0,0.0
268488,22009.0,South,Gisagara,1.0,505215.706417,1,3000.0,1,Maize,1500.0,0.0,0.0,0.0,0.0,0.0,0.0,0.0,0.0
271368,22009.0,South,Gisagara,2.0,924795.761575,0,0.0,1,Maize,1200.0,0.0,0.0,0.0,0.0,0.0,0.0,0.0,0.0
274249,22010.0,South,Gisagara,2.0,1899565.625,0,0.0,1,Paddy rice,0.0,0.0,40000.0,20000.0,0.0,0.0,0.0,0.0,0.0
277128,22011.0,South,Gisagara,1.0,1021967.8125,1,480000.0,1,Maize,9600.0,0.0,0.0,4800.0,0.0,0.0,0.0,0.0,0.0
280009,22012.0,South,Gisagara,1.0,1037479.625,0,0.0,1,Paddy rice,0.0,0.0,21198.0,0.0,0.0,0.0,10599.0,0.0,0.0
282889,22013.0,South,Gisagara,1.0,4576581.0,0,0.0,1,Paddy rice,0.0,0.0,115450.0,884.5,0.0,168.0,0.0,0.0,0.0
285769,22014.0,South,Gisagara,1.0,670168.892818,1,13500.0,1,Paddy rice,0.0,0.0,6000.0,3000.0,0.0,0.0,0.0,0.0,0.0
288649,22015.0,South,Gisagara,1.0,3714484.5,0,0.0,1,Paddy rice,0.0,0.0,38418.0,19209.0,0.0,0.0,0.0,0.0,0.0
291557,23001.0,South,Nyaruguru,1.0,32469.3375267,1,4800.0,1,Irish potato,0.0,0.0,903.0,0.0,0.0,18464.0,0.0,0.0,0.0
294437,23001.0,South,Nyaruguru,4.0,27616.3067142,1,4400.0,1,Irish potato,0.0,0.0,483.5,0.0,0.0,15773.0,0.0,0.0,0.0
297317,23001.0,South,Nyaruguru,5.0,2465.62701713,1,380.0,1,Irish potato,0.0,0.0,84.0,0.0,0.0,2169.6,0.0,0.0,0.0
300197,23001.0,South,Nyaruguru,9.0,2861.67601609,1,460.0,1,Irish potato,0.0,0.0,101.5,0.0,0.0,2621.6,0.0,0.0,0.0
303087,23001.0,South,Nyaruguru,11.0,305.600365228,1,128.0,1,Tree tomato,48.0,0.0,0.0,0.0,0.0,0.0,0.0,0.0,0.0
305977,24001.0,South,Huye,1.0,542754.125,0,0.0,1,Paddy rice,0.0,0.0,9776.0,4552.0,0.0,0.0,0.0,0.0,0.0
308857,24002.0,South,Huye,1.0,512763.625,0,0.0,1,Paddy rice,0.0,0.0,9200.0,4850.0,0.0,0.0,0.0,0.0,0.0
311689,24004.0,South,Gisagara,1.0,446237.59375,0,0.0,1,Paddy rice,0.0,0.0,2050.0,0.0,2050.0,160.0,0.0,0.0,0.0
317467,24004.0,South,Gisagara,40.0,8813.14879368,1,500.0,1,Coffee,0.0,0.0,0.0,0.0,0.0,3.5,0.0,0.0,0.0
320347,24004.0,South,Gisagara,42.0,2754.41644681,1,150.0,1,Coffee,0.0,0.0,0.0,0.0,0.0,89.0,0.0,0.0,0.0
340537,24005.0,South,Huye,1.0,395138.21875,1,3000.0,1,Paddy rice,0.0,0.0,3702.0,3560.0,0.0,0.0,0.0,0.0,0.0
343417,24006.0,South,Huye,1.0,1394458.75,1,2375.0,1,Paddy rice,0.0,0.0,10000.0,5000.0,0.0,0.0,0.0,0.0,0.0
346297,24007.0,South,Huye,1.0,1078251.25,0,0.0,1,Paddy rice,0.0,0.0,12000.0,6300.0,0.0,0.0,0.0,0.0,0.0
349177,24008.0,South,Huye,1.0,1243641.75,1,16470.0,1,Paddy rice,0.0,0.0,23540.0,11770.0,0.0,23540.0,0.0,0.0,0.0
352057,24010.0,South,Huye,1.0,407908.59375,0,0.0,1,Paddy rice,0.0,0.0,5785.0,0.0,0.0,0.0,0.0,0.0,0.0
354937,24011.0,South,Huye,1.0,534606.5,0,0.0,1,Paddy rice,0.0,0.0,7200.0,3600.0,0.0,0.0,0.0,0.0,0.0
357817,24012.0,South,Huye,1.0,743445.125,0,0.0,1,Paddy rice,0.0,0.0,4590.4,2295.2,0.0,0.0,0.0,0.0,0.0
360697,24013.0,South,Huye,1.0,461095.03125,0,0.0,1,Paddy rice,0.0,0.0,5000.0,2500.0,0.0,0.0,0.0,0.0,0.0
363577,24014.0,South,Huye,2.0,403626.0,1,3772.0,1,Paddy rice,0.0,0.0,1762.0,881.0,0.0,0.0,0.0,0.0,0.0
366457,24015.0,South,Huye,1.0,521955.0625,0,0.0,1,Paddy rice,0.0,0.0,3728.0,5095.0,0.0,0.0,0.0,0.0,0.0
369336,24016.0,South,Huye,1.0,628220.5,1,229071.0,1,Maize,3660.0,0.0,0.0,12879.0,0.0,0.0,0.0,0.0,0.0
372245,25001.0,South,Nyamagabe,3.0,199708.303531,1,600000.0,1,Irish potato,0.0,0.0,6000.0,0.0,0.0,0.0,0.0,0.0,0.0
375120,25001.0,South,Nyamagabe,6.0,16339.4470874,1,9000.0,1,Maize,300.0,0.0,0.0,0.0,0.0,0.0,0.0,0.0,0.0
378000,25001.0,South,Nyamagabe,7.0,37796.7771759,1,180000.0,1,Maize,400.0,0.0,600.0,0.0,0.0,0.0,0.0,0.0,0.0
380885,25001.0,South,Nyamagabe,8.0,24259.8652677,1,6000.0,1,Irish potato,0.0,0.0,600.0,0.0,0.0,0.0,0.0,0.0,0.0
392443,26001.0,South,Ruhango,9.0,2568.03278124,1,4000.0,1,Coffee,0.0,0.0,0.0,0.0,0.0,0.0,20.0,0.0,0.0
398203,26001.0,South,Ruhango,15.0,1222.87017702,1,4000.0,1,Coffee,0.0,0.0,0.0,0.0,0.0,0.0,20.0,0.0,0.0
403960,26001.0,South,Ruhango,19.0,12140.0567417,1,32000.0,1,Cassava,0.0,0.0,200.0,0.0,0.0,0.0,0.0,0.0,0.0
409705,26002.0,South,Ruhango,1.0,878113.625,0,0.0,1,Paddy rice,810.0,0.0,8938.0,3519.0,0.0,0.0,0.0,0.0,0.0
412585,26003.0,South,Ruhango,1.0,551080.25,0,0.0,1,Paddy rice,0.0,0.0,1989.0,2823.0,0.0,0.0,0.0,950.5,0.0
415465,26005.0,South,Ruhango,1.0,3904869.0,0,0.0,1,Paddy rice,28897.0,0.0,78100.0,39050.0,0.0,0.0,0.0,0.0,0.0
418345,26006.0,South,Ruhango,1.0,384504.158563,0,0.0,1,Paddy rice,0.0,0.0,100.0,230.0,0.0,0.0,0.0,0.0,0.0
421225,26010.0,South,Ruhango,1.0,703504.625,0,0.0,1,Paddy rice,0.0,0.0,3300.0,1650.0,0.0,0.0,0.0,0.0,0.0
424128,27001.0,South,Muhanga,2.0,319693.625,1,182000.0,1,Maize,5200.0,0.0,0.0,3913.0,0.0,0.0,0.0,0.0,0.0
427009,27001.0,South,Muhanga,6.0,779080.375,1,39150.0,1,Paddy rice,1750.0,0.0,3600.0,850.0,0.0,0.0,0.0,0.0,0.0
429889,27002.0,South,Muhanga,1.0,606744.5,1,30000.0,1,Paddy rice,0.0,0.0,6000.0,3000.0,0.0,0.0,0.0,0.0,0.0
432768,27002.0,South,Muhanga,4.0,132226.34375,1,63000.0,1,Maize,1000.0,0.0,0.0,500.0,0.0,0.0,0.0,0.0,0.0
435648,27003.0,South,Muhanga,1.0,2041793.625,1,1229640.0,1,Maize,15402.0,0.0,0.0,7248.0,0.0,68.0,0.0,0.0,0.0
438552,28001.0,South,Kamonyi,1.0,594811.903401,1,393600.0,1,Maize,984.0,0.0,0.0,492.0,0.0,0.0,0.0,0.0,0.0
441432,28001.0,South,Kamonyi,2.0,100202.952997,1,1936000.0,1,Maize,4840.0,0.0,0.0,2420.0,0.0,0.0,0.0,0.0,0.0
444313,28002.0,South,Kamonyi,1.0,828034.25,0,0.0,1,Paddy rice,0.0,0.0,9000.0,4500.0,0.0,0.0,0.0,0.0,0.0
447193,28003.0,South,Kamonyi,1.0,1089728.0,0,0.0,1,Paddy rice,0.0,0.0,21214.0,10607.0,0.0,0.0,0.0,0.0,0.0
450072,28004.0,South,Kamonyi,1.0,767470.4375,1,30000.0,1,Maize,8700.0,0.0,0.0,4100.0,0.0,0.0,0.0,0.0,0.0
465101,33002.0,West,Rubavu,1.0,137215.911575,1,104000.0,1,Irish potato,0.0,0.0,2000.0,0.0,0.0,0.0,0.0,0.0,0.0
467981,33003.0,West,Rubavu,3.0,258674.709746,1,4400.0,1,Irish potato,0.0,0.0,6600.0,0.0,0.0,0.0,0.0,0.0,0.0
476640,36001.0,West,Rusizi,3.0,11713.2099934,1,18000.0,1,Maize,150.0,0.0,0.0,150.0,0.0,0.0,0.0,0.0,0.0
482401,36002.0,West,Rusizi,1.0,2940973.75,1,8910.0,1,Paddy rice,0.0,0.0,41950.0,59000.0,0.0,0.0,0.0,0.0,0.0
485281,36003.0,West,Rusizi,3.0,4006912.25,0,0.0,1,Paddy rice,0.0,0.0,76201.0,38100.5,0.0,0.0,0.0,0.0,0.0
488161,36004.0,West,Rusizi,1.0,2595341.6436,0,0.0,1,Paddy rice,0.0,0.0,53256.0,26628.0,0.0,0.0,0.0,0.0,0.0
491041,36005.0,West,Rusizi,1.0,4492769.0,0,0.0,1,Paddy rice,0.0,0.0,87820.0,43910.0,0.0,0.0,0.0,0.0,0.0
493940,36006.0,West,Rusizi,1.0,1510493.41133,0,0.0,1,Other perennial  crop,0.0,0.0,300.0,200.0,0.0,0.0,0.0,0.0,0.0
496801,36007.0,West,Rusizi,1.0,529353.9375,0,0.0,1,Paddy rice,0.0,0.0,10984.0,5492.0,0.0,0.0,0.0,0.0,0.0
499723,37001.0,West,Nyamasheke,1.0,70406.2611592,1,18000.0,1,Coffee,0.0,0.0,0.0,0.0,0.0,2000.0,0.0,0.0,0.0
502603,37001.0,West,Nyamasheke,2.0,124758.755685,1,42000.0,1,Coffee,0.0,0.0,0.0,0.0,0.0,3000.0,0.0,0.0,0.0
505483,37001.0,West,Nyamasheke,3.0,21366.7579748,1,9000.0,1,Coffee,0.0,0.0,0.0,0.0,0.0,567.0,0.0,0.0,0.0
508363,37001.0,West,Nyamasheke,4.0,98963.2153535,1,42000.0,1,Coffee,0.0,0.0,0.0,0.0,0.0,2623.0,0.0,0.0,0.0
511243,37001.0,West,Nyamasheke,5.0,19965.6492293,1,9000.0,1,Coffee,0.0,0.0,0.0,0.0,0.0,530.0,0.0,0.0,0.0
514105,37002.0,West,Nyamasheke,1.0,421615.65625,0,0.0,1,Paddy rice,0.0,0.0,4000.0,2000.0,0.0,0.0,0.0,0.0,0.0
516985,37004.0,West,Nyamasheke,1.0,1242254.0,1,240000.0,1,Paddy rice,0.0,0.0,12000.0,0.0,0.0,0.0,0.0,0.0,0.0
519865,37006.0,West,Nyamasheke,1.0,395529.0,0,0.0,1,Paddy rice,0.0,0.0,8426.0,4213.0,0.0,0.0,0.0,0.0,0.0
534883,41003.0,North,Rulindo,1.0,32528.2267153,1,6480.0,1,Coffee,0.0,0.0,0.0,0.0,0.0,0.0,0.0,0.0,3240.0
537763,41003.0,North,Rulindo,3.0,18968.7160493,1,3760.0,1,Coffee,0.0,0.0,0.0,0.0,0.0,0.0,0.0,0.0,1880.0
540628,41004.0,North,Rulindo,1.0,46932.5103663,0,0.0,1,Climbing bean,0.0,0.0,500.0,0.0,0.0,0.0,0.0,0.0,0.0
543507,41004.0,North,Rulindo,2.0,3854.06200037,0,0.0,1,Bush bean,0.0,0.0,120.0,0.0,0.0,0.0,0.0,0.0,0.0
546384,41004.0,North,Rulindo,3.0,32679.5638801,0,0.0,1,Maize,0.0,0.0,300.0,150.0,0.0,0.0,0.0,0.0,0.0
549269,41004.0,North,Rulindo,4.0,75437.2082936,1,50000.0,1,Irish potato,0.0,0.0,1800.0,0.0,0.0,0.0,0.0,0.0,0.0
552146,41004.0,North,Rulindo,5.0,38273.932078,0,0.0,1,Wheat,0.0,0.0,1000.0,0.0,0.0,0.0,0.0,0.0,0.0
555031,41004.0,North,Rulindo,6.0,3586.89802451,1,4000.0,1,Cabbage,0.0,0.0,50.0,0.0,0.0,0.0,0.0,0.0,0.0
557916,41004.0,North,Rulindo,7.0,694.183771811,1,2000.0,1,Sugar beet,0.0,0.0,25.0,0.0,0.0,0.0,0.0,0.0,0.0
560813,43001.0,North,Musanze,13.0,2425.78856755,1,600.0,1,Irish potato,0.0,0.0,90.0,0.0,0.0,0.0,0.0,0.0,0.0
563714,45001.0,North,Gicumbi,1.0,91445.3102476,1,8540.0,1,Wheat,700.0,0.0,0.0,350.0,0.0,0.0,0.0,0.0,0.0
566597,45001.0,North,Gicumbi,2.0,19719.8321601,1,1840.0,1,Irish potato,0.0,0.0,54.0,0.0,0.0,0.0,0.0,0.0,0.0
569477,45001.0,North,Gicumbi,3.0,15532.1701653,1,1446.0,1,Irish potato,0.0,0.0,520.0,0.0,0.0,0.0,0.0,0.0,0.0
572352,45001.0,North,Gicumbi,4.0,101384.409518,1,10000.0,1,Maize,125.0,0.0,0.0,125.0,0.0,0.0,0.0,0.0,0.0
575232,45001.0,North,Gicumbi,9.0,10016.7452878,1,1000.0,1,Maize,12.0,0.0,0.0,12.0,0.0,0.0,0.0,0.0,0.0
578117,45001.0,North,Gicumbi,10.0,19038.3415719,1,1773.0,1,Irish potato,0.0,0.0,52.0,0.0,0.0,0.0,0.0,0.0,0.0
581568,45002.0,East,Gicumbi,7.0,264275.9375,0,0.0,1,Maize,1321.0,0.0,0.0,600.0,0.0,20.0,0.0,0.0,0.0
613272,51004.0,East,Rwamagana,2.0,14848.2003067,0,0.0,1,Maize,100.0,0.0,0.0,75.0,0.0,0.0,0.0,0.0,0.0
616152,51004.0,East,Rwamagana,3.0,55376.729762,0,0.0,1,Maize,554.0,0.0,0.0,277.0,0.0,0.0,0.0,0.0,0.0
619053,51004.0,East,Rwamagana,9.0,16016.8126037,1,360.0,1,Macadamia,0.0,0.0,135000.0,0.0,0.0,0.0,0.0,0.0,0.0
624798,51005.0,East,Rwamagana,3.0,5092.42959948,1,500.0,1,Tomato,0.0,0.0,2650.0,0.0,0.0,0.0,0.0,0.0,0.0
639197,51005.0,East,Rwamagana,11.0,8231.19311893,1,500.0,1,Irish potato,0.0,0.0,10600.0,0.0,0.0,0.0,0.0,0.0,0.0
642072,51005.0,East,Rwamagana,14.0,12617.5481427,1,1000.0,1,Maize,0.0,0.0,0.0,7100.0,0.0,0.0,0.0,0.0,0.0
644957,51005.0,East,Rwamagana,16.0,4765.5203311,1,500.0,1,Irish potato,0.0,0.0,10600.0,0.0,0.0,0.0,0.0,0.0,0.0
647832,51005.0,East,Rwamagana,17.0,4620.62149184,1,100.0,1,Maize,0.0,0.0,0.0,2485.0,0.0,0.0,0.0,0.0,0.0
650712,51005.0,East,Rwamagana,21.0,6202.04882164,1,300.0,1,Maize,0.0,0.0,0.0,2130.0,0.0,0.0,0.0,0.0,0.0
653603,51005.0,East,Rwamagana,22.0,1237.68869249,0,0.0,1,Sweet pepper,0.0,0.0,2080.0,0.0,0.0,0.0,0.0,0.0,0.0
656490,51006.0,East,Rwamagana,5.0,32478.7998109,1,600.0,1,Passion fruit,0.0,0.0,0.0,90000.0,0.0,0.0,0.0,0.0,0.0
676632,51009.0,East,Rwamagana,1.0,124038.14877,0,0.0,1,Maize,3077.0,0.0,0.0,0.0,30.0,0.0,0.0,0.0,0.0
679512,51009.0,East,Rwamagana,2.0,802158.511675,0,0.0,1,Maize,8923.0,0.0,0.0,0.0,66.0,0.0,0.0,0.0,0.0
705432,51016.0,East,Rwamagana,2.0,29311.2737106,0,0.0,1,Maize,220.0,0.0,0.0,351.0,0.0,0.0,0.0,0.0,0.0
708312,51016.0,East,Rwamagana,3.0,9014.61022991,0,0.0,1,Maize,70.0,0.0,0.0,39760.0,0.0,0.0,0.0,0.0,0.0
711192,51016.0,East,Rwamagana,4.0,11925.8105398,0,0.0,1,Maize,90.0,0.0,0.0,143.0,0.0,0.0,0.0,0.0,0.0
714072,51016.0,East,Rwamagana,6.0,10669.6856468,0,0.0,1,Maize,80.0,0.0,0.0,128.0,0.0,0.0,0.0,0.0,0.0
725593,51018.0,East,Rwamagana,1.0,746365.625,0,0.0,1,Paddy rice,0.0,0.0,5564000.0,1899250.0,0.0,0.0,0.0,0.0,0.0
728473,51019.0,East,Rwamagana,1.0,1096293.625,0,0.0,1,Paddy rice,0.0,0.0,7740000.0,0.0,0.0,0.0,0.0,0.0,0.0
731353,51020.0,East,Rwamagana,1.0,537212.5625,0,0.0,1,Paddy rice,0.0,0.0,6800.0,3400.0,0.0,0.0,0.0,0.0,0.0
742896,52002.0,East,Nyagatare,2.0,43447.0689729,1,3746.0,1,Maize,184295.0,0.0,0.0,93010.0,0.0,0.0,0.0,0.0,0.0
745776,52002.0,East,Nyagatare,4.0,17800.123775,1,1533.0,1,Maize,79130.0,0.0,0.0,40115.0,0.0,0.0,0.0,0.0,0.0
748656,52002.0,East,Nyagatare,6.0,17097.5137476,1,1472.0,1,Maize,7286.5,0.0,0.0,36565.0,0.0,0.0,0.0,0.0,0.0
751536,52002.0,East,Nyagatare,8.0,19020.8000591,1,1636.0,1,Maize,80360.0,0.0,0.0,40647.0,0.0,0.0,0.0,0.0,0.0
754416,52002.0,East,Nyagatare,11.0,18735.0381813,1,1610.0,1,Maize,79130.0,0.0,0.0,4082.5,0.0,0.0,0.0,0.0,0.0
757296,52003.0,East,Nyagatare,2.0,57615.8164381,1,8500.0,1,Maize,112750.0,0.0,0.0,0.0,0.0,0.0,0.0,0.0,0.0
760176,52003.0,East,Nyagatare,3.0,12957.7678026,1,1500.0,1,Maize,12500.0,0.0,0.0,0.0,0.0,0.0,0.0,0.0,0.0
763059,52003.0,East,Nyagatare,4.0,33203.0381337,1,2500.0,1,Bush bean,8200.0,0.0,0.0,0.0,0.0,0.0,0.0,0.0,0.0
786096,52006.0,East,Nyagatare,2.0,46023.2542783,1,1643.0,1,Maize,184500.0,0.0,0.0,166500.0,0.0,0.0,0.0,0.0,0.0
788976,52006.0,East,Nyagatare,4.0,31929.4752089,1,1140.0,1,Maize,123000.0,0.0,0.0,111000.0,0.0,0.0,0.0,0.0,0.0
791856,52006.0,East,Nyagatare,6.0,28901.6899986,1,1032.0,1,Maize,114800.0,0.0,0.0,103600.0,0.0,0.0,0.0,0.0,0.0
794736,52006.0,East,Nyagatare,8.0,29515.8866163,1,1054.0,1,Maize,159900.0,0.0,0.0,144300.0,0.0,0.0,0.0,0.0,0.0
797616,52006.0,East,Nyagatare,10.0,31459.5596565,1,1125.0,1,Maize,123000.0,0.0,0.0,111000.0,0.0,0.0,0.0,0.0,0.0
806256,52008.0,East,Nyagatare,4.0,11511.4275287,1,4100.0,1,Maize,16810.0,0.0,0.0,15170.0,0.0,0.0,0.0,0.0,0.0
809136,52008.0,East,Nyagatare,5.0,9066.95193218,1,7800.0,1,Maize,31980.0,0.0,0.0,28860.0,0.0,0.0,0.0,0.0,0.0
812016,52008.0,East,Nyagatare,6.0,13380.149088,1,9600.0,1,Maize,39360.0,0.0,0.0,17760.0,0.0,0.0,0.0,0.0,0.0
814896,52010.0,East,Nyagatare,3.0,306006.872369,0,0.0,1,Maize,1377000.0,0.0,0.0,566100.0,0.0,0.0,0.0,0.0,0.0
817776,52011.0,East,Nyagatare,5.0,118497.501324,0,0.0,1,Maize,572000.0,0.0,0.0,550.0,0.0,0.0,0.0,0.0,0.0
820657,52012.0,East,Nyagatare,2.0,55527.9966188,0,0.0,1,Paddy rice,0.0,0.0,826.5,413.0,0.0,0.0,0.0,0.0,0.0
823537,52012.0,East,Nyagatare,4.0,578608.465795,0,0.0,1,Paddy rice,0.0,0.0,8618.0,4309.0,0.0,0.0,0.0,0.0,0.0
826417,52012.0,East,Nyagatare,5.0,631213.728919,0,0.0,1,Paddy rice,0.0,0.0,10555.5,5278.0,0.0,0.0,0.0,0.0,0.0
829297,52013.0,East,Nyagatare,1.0,1387444.95424,0,0.0,1,Paddy rice,0.0,0.0,12095200.0,4907165.0,0.0,0.0,0.0,0.0,0.0
832177,52014.0,East,Nyagatare,1.0,1524520.09872,0,0.0,1,Paddy rice,0.0,0.0,28476.0,13578.0,0.0,0.0,0.0,0.0,0.0
835057,52014.0,East,Nyagatare,3.0,1347666.65351,0,0.0,1,Paddy rice,0.0,0.0,25173.0,12003.0,0.0,0.0,0.0,0.0,0.0
837937,52014.0,East,Nyagatare,4.0,349362.344972,0,0.0,1,Paddy rice,0.0,0.0,6525.0,3111.0,0.0,0.0,0.0,0.0,0.0
840817,52014.0,East,Nyagatare,6.0,25137.1365373,0,0.0,1,Paddy rice,0.0,0.0,469.0,223.5,0.0,0.0,0.0,0.0,0.0
843697,52014.0,East,Nyagatare,7.0,347769.311452,0,0.0,1,Paddy rice,0.0,0.0,6495.0,3097.0,0.0,0.0,0.0,0.0,0.0
846577,52014.0,East,Nyagatare,9.0,433554.688714,0,0.0,1,Paddy rice,0.0,0.0,80978.0,3861.0,0.0,0.0,0.0,0.0,0.0
849457,52014.0,East,Nyagatare,11.0,30579.937348,0,0.0,1,Paddy rice,0.0,0.0,571.5,272.5,0.0,0.0,0.0,0.0,0.0
852337,52014.0,East,Nyagatare,12.0,56442.3289154,0,0.0,1,Paddy rice,0.0,0.0,1055.0,503.0,0.0,0.0,0.0,0.0,0.0
855217,52014.0,East,Nyagatare,14.0,33301.3915585,0,0.0,1,Paddy rice,0.0,0.0,622.0,296.5,0.0,0.0,0.0,0.0,0.0
858097,52014.0,East,Nyagatare,16.0,86205.3205915,0,0.0,1,Paddy rice,0.0,0.0,1610.0,767.5,0.0,0.0,0.0,0.0,0.0
860977,52014.0,East,Nyagatare,18.0,61575.220485,0,0.0,1,Paddy rice,0.0,0.0,1150.0,767.5,0.0,0.0,0.0,0.0,0.0
863857,52014.0,East,Nyagatare,20.0,40512.8267505,0,0.0,1,Paddy rice,0.0,0.0,756.0,360.5,0.0,0.0,0.0,0.0,0.0
866737,52015.0,East,Nyagatare,1.0,288487.322661,0,0.0,1,Paddy rice,0.0,0.0,402900.0,420675.0,0.0,0.0,0.0,0.0,0.0
869617,52015.0,East,Nyagatare,5.0,214168.991415,0,0.0,1,Paddy rice,0.0,0.0,299115.0,312400.0,0.0,0.0,0.0,0.0,0.0
872497,52015.0,East,Nyagatare,8.0,94895.530276,0,0.0,1,Paddy rice,0.0,0.0,62730.0,65497.5,0.0,0.0,0.0,0.0,0.0
875377,52016.0,East,Nyagatare,1.0,5200951.30642,0,0.0,1,Paddy rice,23400.0,0.0,0.0,28080.0,0.0,0.0,0.0,30420.0,0.0
878257,52016.0,East,Nyagatare,2.0,271893.473155,0,0.0,1,Paddy rice,1350.0,0.0,0.0,1620.0,0.0,0.0,0.0,1755.0,0.0
881137,52016.0,East,Nyagatare,3.0,269955.358055,0,0.0,1,Paddy rice,1350.0,0.0,0.0,1620.0,0.0,0.0,0.0,1755.0,0.0
884017,52016.0,East,Nyagatare,4.0,399102.878327,0,0.0,1,Paddy rice,1850.0,0.0,0.0,2220.0,0.0,0.0,0.0,2405.0,0.0
886897,52016.0,East,Nyagatare,5.0,406673.549347,0,0.0,1,Paddy rice,1900.0,0.0,0.0,2280.0,0.0,0.0,0.0,2490.0,0.0
889777,52016.0,East,Nyagatare,7.0,158016.169893,0,0.0,1,Paddy rice,700.0,0.0,0.0,840.0,0.0,0.0,0.0,910.0,0.0
892656,52017.0,East,Nyagatare,1.0,6029032.5,0,0.0,1,Maize,40500.0,0.0,0.0,20250.0,0.0,0.0,0.0,0.0,0.0
901301,52019.0,East,Nyagatare,4.0,4067.52673552,1,3600.0,1,Irish potato,150.0,0.0,0.0,0.0,0.0,0.0,0.0,0.0,0.0
907062,52019.0,East,Nyagatare,6.0,9624.11349598,1,3360.0,1,Tomato,100.0,0.0,0.0,200.0,0.0,0.0,0.0,0.0,0.0
909937,52020.0,East,Nyagatare,1.0,8590023.0,0,0.0,1,Paddy rice,0.0,0.0,86862.0,43431.0,0.0,0.0,0.0,0.0,0.0
915720,53002.0,East,Gatsibo,1.0,99780.4693035,1,2000.0,1,Maize,127500.0,0.0,0.0,355500.0,0.0,0.0,0.0,0.0,0.0
927249,53003.0,East,Gatsibo,8.0,18460.9706225,1,1800.0,1,Eggplant,0.0,0.0,249200.0,204700.0,0.0,0.0,0.0,0.0,0.0
935883,53004.0,East,Gatsibo,2.0,34293.0857461,1,1372.0,1,Bush bean,35793.0,0.0,0.0,12565.0,0.0,0.0,0.0,0.0,0.0
938760,53004.0,East,Gatsibo,3.0,7544.56519565,1,3200.0,1,Maize,35670.0,0.0,0.0,12780.0,0.0,0.0,0.0,0.0,0.0
944520,53004.0,East,Gatsibo,6.0,2976.32293814,1,1450.0,1,Maize,14350.0,0.0,0.0,5076.5,0.0,0.0,0.0,0.0,0.0
947400,53004.0,East,Gatsibo,7.0,4607.12324525,1,2040.0,1,Maize,21935.0,0.0,0.0,7810.0,0.0,0.0,0.0,0.0,0.0
950280,53004.0,East,Gatsibo,11.0,28715.4862664,1,1183.0,1,Maize,136940.0,0.0,0.0,48812.0,0.0,0.0,0.0,0.0,0.0
953160,53004.0,East,Gatsibo,15.0,29230.5913719,1,1188.0,1,Maize,139400.0,0.0,0.0,49700.0,0.0,0.0,0.0,0.0,0.0
961800,53004.0,East,Gatsibo,22.0,14169.4231129,1,2000.0,1,Maize,71.0,0.0,0.0,71.0,0.0,0.0,0.0,0.0,0.0
979080,53010.0,East,Gatsibo,2.0,24686.4217833,0,0.0,1,Maize,0.0,0.0,67500.0,40000.0,0.0,0.0,0.0,0.0,0.0
981960,53010.0,East,Gatsibo,7.0,64178.8817485,1,5250.0,1,Maize,0.0,0.0,90000.0,140000.0,0.0,0.0,0.0,0.0,0.0
990600,53011.0,East,Gatsibo,8.0,19447.4578269,1,2437.0,1,Maize,0.0,0.0,0.0,39375.0,0.0,0.0,0.0,0.0,0.0
993480,53011.0,East,Gatsibo,9.0,99937.7737352,1,1256.0,1,Maize,22550.0,0.0,0.0,202500.0,0.0,0.0,0.0,0.0,0.0
1002120,53013.0,East,Gatsibo,1.0,319552.0625,1,4700.0,1,Maize,192700.0,0.0,0.0,274950.0,0.0,0.0,0.0,0.0,0.0
1005000,53013.0,East,Gatsibo,2.0,19752.2937104,1,1980.0,1,Maize,81180.0,0.0,0.0,115830.0,0.0,0.0,0.0,0.0,0.0
1007880,53013.0,East,Gatsibo,10.0,64961.1579242,1,6500.0,1,Maize,266500.0,0.0,0.0,380250.0,0.0,0.0,0.0,0.0,0.0
1010760,53015.0,East,Gatsibo,1.0,511144.940768,0,0.0,1,Maize,1047960.0,0.0,0.0,805140.0,0.0,0.0,0.0,0.0,0.0
1013640,53015.0,East,Gatsibo,6.0,501198.038406,0,0.0,1,Maize,1027665.0,0.0,0.0,789550.0,0.0,0.0,0.0,0.0,0.0
1016520,53015.0,East,Gatsibo,8.0,321971.566741,0,0.0,1,Maize,660100.0,0.0,0.0,507150.0,0.0,0.0,0.0,0.0,0.0
1019400,53015.0,East,Gatsibo,9.0,959336.120155,0,0.0,1,Maize,2169720.0,0.0,0.0,1666980.0,0.0,0.0,0.0,0.0,0.0
1022280,53015.0,East,Gatsibo,10.0,518342.041225,0,0.0,1,Maize,1268950.0,0.0,0.0,974925.0,0.0,0.0,0.0,0.0,0.0
1025160,53015.0,East,Gatsibo,12.0,207006.9241,0,0.0,1,Maize,424350.0,0.0,0.0,326025.0,0.0,0.0,0.0,0.0,0.0
1028040,53015.0,East,Gatsibo,13.0,102718.233715,0,0.0,1,Maize,211150.0,0.0,0.0,161595.0,0.0,0.0,0.0,0.0,0.0
1030920,53015.0,East,Gatsibo,14.0,114460.288142,0,0.0,1,Maize,234520.0,0.0,0.0,180180.0,0.0,0.0,0.0,0.0,0.0
1033801,53016.0,East,Gatsibo,1.0,9933827.0,0,0.0,1,Paddy rice,38250.0,0.0,43500.0,140250.0,0.0,0.0,0.0,0.0,0.0
1036680,53017.0,East,Gatsibo,2.0,66070.9940276,0,0.0,1,Maize,640.0,0.0,0.0,0.0,0.0,0.0,0.0,0.0,0.0
1039560,53017.0,East,Gatsibo,4.0,321323.45288,0,0.0,1,Maize,3110.0,0.0,0.0,0.0,0.0,0.0,0.0,0.0,0.0
1042441,53018.0,East,Gatsibo,1.0,4157249.5,0,0.0,1,Paddy rice,0.0,0.0,48000.0,27713.0,0.0,0.0,0.0,0.0,0.0
1045320,53019.0,East,Gatsibo,2.0,119206.953463,1,37500.0,1,Maize,225000.0,0.0,0.0,180000.0,0.0,0.0,0.0,0.0,0.0
1048200,53019.0,East,Gatsibo,5.0,86122.8899354,1,32000.0,1,Maize,157500.0,0.0,0.0,144000.0,0.0,0.0,0.0,0.0,0.0
1053960,53019.0,East,Gatsibo,8.0,82664.5528143,1,20000.0,1,Maize,148500.0,0.0,0.0,118800.0,0.0,0.0,0.0,0.0,0.0
1068390,54004.0,East,Kayonza,6.0,60044.3888116,1,6000.0,1,Tomato,0.0,0.0,150.0,0.0,0.0,0.0,0.0,0.0,0.0
1071266,54005.0,East,Kayonza,2.0,277271.703964,0,0.0,1,Wheat,0.0,0.0,26000.0,8875.0,0.0,0.0,0.0,0.0,0.0
1074144,54005.0,East,Kayonza,3.0,273462.936958,0,0.0,1,Maize,0.0,0.0,2704000.0,1846000.0,0.0,0.0,0.0,0.0,0.0
1077026,54005.0,East,Kayonza,5.0,133909.415454,0,0.0,1,Wheat,0.0,0.0,1040000.0,355000.0,0.0,0.0,0.0,0.0,0.0
1079904,54005.0,East,Kayonza,7.0,266198.254211,0,0.0,1,Maize,0.0,0.0,2704000.0,0.0,0.0,2548000.0,0.0,0.0,0.0
1082784,54005.0,East,Kayonza,13.0,267948.489682,0,0.0,1,Maize,0.0,0.0,2704000.0,0.0,0.0,2548000.0,0.0,0.0,0.0
1085667,54005.0,East,Kayonza,15.0,565299.349995,0,0.0,1,Bush bean,0.0,0.0,2215200.0,0.0,0.0,0.0,0.0,0.0,0.0
1088561,54006.0,East,Kayonza,5.0,2576.68568584,1,230.0,1,Avocado,0.0,0.0,2800.0,0.0,0.0,0.0,0.0,0.0,0.0
1091441,54006.0,East,Kayonza,8.0,269045.543318,1,23770.0,1,Avocado,0.0,0.0,277200.0,0.0,0.0,0.0,0.0,0.0,0.0
1094304,54007.0,East,Kayonza,1.0,64006.3618889,0,0.0,1,Maize,1340.0,0.0,0.0,0.0,0.0,0.0,0.0,0.0,0.0
1097184,54007.0,East,Kayonza,3.0,303097.118202,0,0.0,1,Maize,3031.0,0.0,0.0,0.0,0.0,0.0,0.0,0.0,0.0
1100064,54007.0,East,Kayonza,4.0,148299.927072,0,0.0,1,Maize,0.0,0.0,0.0,0.0,0.0,0.0,1483.0,0.0,0.0
1102944,54007.0,East,Kayonza,5.0,184069.224031,0,0.0,1,Maize,0.0,0.0,0.0,0.0,0.0,0.0,1841.0,0.0,0.0
1105824,54007.0,East,Kayonza,6.0,101793.98441800001,0,0.0,1,Maize,1227.0,0.0,0.0,0.0,0.0,0.0,0.0,0.0,0.0
1108704,54007.0,East,Kayonza,8.0,8444.1047105,0,0.0,1,Maize,84.0,0.0,0.0,0.0,0.0,0.0,0.0,0.0,0.0
1111584,54007.0,East,Kayonza,9.0,24297.9834817,0,0.0,1,Maize,243.0,0.0,0.0,0.0,0.0,0.0,0.0,0.0,0.0
1114464,54007.0,East,Kayonza,10.0,6727.9646213,0,0.0,1,Maize,67.0,0.0,0.0,0.0,0.0,0.0,0.0,0.0,0.0
1117344,54007.0,East,Kayonza,11.0,25918.4040527,0,0.0,1,Maize,250.0,0.0,0.0,0.0,0.0,0.0,0.0,0.0,0.0
1120225,54008.0,East,Kayonza,1.0,24870.6698519,0,0.0,1,Paddy rice,0.0,0.0,498.0,249.0,0.0,0.0,0.0,0.0,0.0
1123105,54008.0,East,Kayonza,2.0,162697.154219,0,0.0,1,Paddy rice,0.0,0.0,3254.0,1627.0,0.0,0.0,0.0,0.0,0.0
1125985,54008.0,East,Kayonza,3.0,138546.249127,0,0.0,1,Paddy rice,0.0,0.0,2494.0,1247.0,0.0,0.0,0.0,0.0,0.0
1128865,54008.0,East,Kayonza,4.0,19640.7840772,0,0.0,1,Paddy rice,0.0,0.0,372.0,186.0,0.0,0.0,0.0,0.0,0.0
1131745,54008.0,East,Kayonza,5.0,6322.4441257,0,0.0,1,Paddy rice,0.0,0.0,114.0,57.0,0.0,0.0,0.0,0.0,0.0
1134625,54008.0,East,Kayonza,6.0,24177.447336,0,0.0,1,Paddy rice,0.0,0.0,458.0,229.0,0.0,0.0,0.0,0.0,0.0
1137505,54008.0,East,Kayonza,8.0,18241.5632626,0,0.0,1,Paddy rice,0.0,0.0,344.0,172.0,0.0,0.0,0.0,0.0,0.0
1140385,54008.0,East,Kayonza,9.0,117651.295356,0,0.0,1,Paddy rice,0.0,0.0,1882.0,941.0,0.0,0.0,0.0,0.0,0.0
1143265,54008.0,East,Kayonza,10.0,2529.13901183,0,0.0,1,Paddy rice,0.0,0.0,40.0,20.0,0.0,0.0,0.0,0.0,0.0
1146145,54008.0,East,Kayonza,11.0,10766.9272928,0,0.0,1,Paddy rice,0.0,0.0,182.0,91.0,0.0,0.0,0.0,0.0,0.0
1149025,54008.0,East,Kayonza,12.0,62323.7798689,0,0.0,1,Paddy rice,0.0,0.0,1058.0,529.0,0.0,0.0,0.0,0.0,0.0
1151905,54009.0,East,Kayonza,2.0,123579.415679,0,0.0,1,Paddy rice,0.0,0.0,1854.0,927.0,0.0,0.0,0.0,0.0,0.0
1154785,54009.0,East,Kayonza,3.0,3142.27872788,0,0.0,1,Paddy rice,0.0,0.0,49.5,24.75,0.0,0.0,0.0,0.0,0.0
1157665,54009.0,East,Kayonza,8.0,204325.797094,0,0.0,1,Paddy rice,0.0,0.0,3066.0,1533.0,0.0,0.0,0.0,0.0,0.0
1160545,54009.0,East,Kayonza,9.0,29527.6425733,0,0.0,1,Paddy rice,0.0,0.0,442.5,221.25,0.0,0.0,0.0,0.0,0.0
1163425,54009.0,East,Kayonza,11.0,257882.593066,0,0.0,1,Paddy rice,0.0,0.0,3868.5,1934.25,0.0,0.0,0.0,0.0,0.0
1166305,54009.0,East,Kayonza,15.0,942.905916648,0,0.0,1,Paddy rice,0.0,0.0,14.14,7.7,0.0,0.0,0.0,0.0,0.0
1169185,54009.0,East,Kayonza,16.0,3979.48125542,0,0.0,1,Paddy rice,0.0,0.0,60.0,30.0,0.0,0.0,0.0,0.0,0.0
1172065,54009.0,East,Kayonza,17.0,9325.10623741,0,0.0,1,Paddy rice,0.0,0.0,139.5,69.75,0.0,0.0,0.0,0.0,0.0
1174945,54009.0,East,Kayonza,21.0,1715.17962135,0,0.0,1,Paddy rice,0.0,0.0,0.25,0.12,0.0,0.0,0.0,0.0,0.0
1177825,54009.0,East,Kayonza,23.0,1637.61299919,0,0.0,1,Paddy rice,0.0,0.0,24.57,12.28,0.0,0.0,0.0,0.0,0.0
1180705,54009.0,East,Kayonza,30.0,56447.7682941,0,0.0,1,Paddy rice,0.0,0.0,847.5,423.25,0.0,0.0,0.0,0.0,0.0
1183585,54009.0,East,Kayonza,31.0,1169.71519493,0,0.0,1,Paddy rice,0.0,0.0,17.54,8.77,0.0,0.0,0.0,0.0,0.0
1186465,54009.0,East,Kayonza,32.0,33161.6839811,0,0.0,1,Paddy rice,0.0,0.0,498.0,249.0,0.0,0.0,0.0,0.0,0.0
1189345,54009.0,East,Kayonza,33.0,14572.5857679,0,0.0,1,Paddy rice,0.0,0.0,219.0,109.5,0.0,0.0,0.0,0.0,0.0
1192225,54009.0,East,Kayonza,38.0,221652.437252,0,0.0,1,Paddy rice,0.0,0.0,3325.5,1662.75,0.0,0.0,0.0,0.0,0.0
1195105,54009.0,East,Kayonza,39.0,317173.023266,0,0.0,1,Paddy rice,0.0,0.0,6207.0,3103.5,0.0,0.0,0.0,0.0,0.0
1197985,54009.0,East,Kayonza,41.0,6664.80796009,0,0.0,1,Paddy rice,0.0,0.0,100.5,50.25,0.0,0.0,0.0,0.0,0.0
1200865,54009.0,East,Kayonza,42.0,6639.26214331,0,0.0,1,Paddy rice,0.0,0.0,99.5,49.5,0.0,0.0,0.0,0.0,0.0
1203745,54009.0,East,Kayonza,44.0,43721.1642671,0,0.0,1,Paddy rice,0.0,0.0,655.5,327.75,0.0,0.0,0.0,0.0,0.0
1206625,54009.0,East,Kayonza,49.0,282598.175707,0,0.0,1,Paddy rice,0.0,0.0,4239.0,2119.5,0.0,0.0,0.0,0.0,0.0
1209505,54009.0,East,Kayonza,51.0,23032.7324272,0,0.0,1,Paddy rice,0.0,0.0,345.0,172.5,0.0,0.0,0.0,0.0,0.0
1212385,54009.0,East,Kayonza,52.0,61332.4229049,0,0.0,1,Paddy rice,0.0,0.0,910.5,455.25,0.0,0.0,0.0,0.0,0.0
1215265,54009.0,East,Kayonza,54.0,14209.8638586,0,0.0,1,Paddy rice,0.0,0.0,213.0,106.5,0.0,0.0,0.0,0.0,0.0
1218145,54010.0,East,Kayonza,1.0,143167.087488,0,0.0,1,Paddy rice,0.0,0.0,904500.0,301500.0,0.0,0.0,0.0,0.0,0.0
1221025,54010.0,East,Kayonza,2.0,225940.655186,0,0.0,1,Paddy rice,0.0,0.0,1427400.0,475800.0,0.0,0.0,0.0,0.0,0.0
1223905,54010.0,East,Kayonza,3.0,66082.7997747,0,0.0,1,Paddy rice,0.0,0.0,417600.0,139200.0,0.0,0.0,0.0,0.0,0.0
1226785,54010.0,East,Kayonza,4.0,20583.4289707,0,0.0,1,Paddy rice,0.0,0.0,130050.0,43350.0,0.0,0.0,0.0,0.0,0.0
1238329,55003.0,East,Kirehe,2.0,4733639.5,0,0.0,1,Paddy rice,90.7,0.0,187.7,145.7,0.0,0.0,0.0,0.0,0.0
1241209,55004.0,East,Kirehe,2.0,1293893.25,0,0.0,1,Paddy rice,0.0,0.0,18400.0,9200.0,0.0,0.0,0.0,0.0,0.0
1244089,55005.0,East,Kirehe,1.0,841066.8125,1,53000.0,1,Paddy rice,0.0,0.0,9400.0,8100.0,0.0,0.0,0.0,0.0,0.0
1246969,55006.0,East,Kirehe,1.0,515686.90625,0,0.0,1,Paddy rice,0.0,0.0,9000.0,4500.0,0.0,0.0,0.0,0.0,0.0
1249849,55007.0,East,Kirehe,1.0,107921.740976,0,0.0,1,Paddy rice,0.0,0.0,2000.0,1000.0,0.0,0.0,0.0,0.0,0.0
1252752,56001.0,East,Ngoma,1.0,20507.3683433,0,0.0,1,Maize,125.0,0.0,0.0,75.0,0.0,0.0,0.0,0.0,0.0
1255632,56001.0,East,Ngoma,3.0,23878.9057063,0,0.0,1,Maize,145.5,0.0,0.0,87.0,0.0,0.0,0.0,0.0,0.0
1258512,56001.0,East,Ngoma,11.0,27682.2795095,0,0.0,1,Maize,169.0,0.0,0.0,101.0,0.0,0.0,0.0,0.0,0.0
1261392,56001.0,East,Ngoma,13.0,9914.76141857,0,0.0,1,Maize,60.0,0.0,0.0,12780.0,0.0,0.0,0.0,0.0,0.0
1264272,56002.0,East,Ngoma,1.0,85463.328125,0,0.0,1,Maize,800.0,0.0,0.0,400.0,0.0,0.0,0.0,0.0,0.0
1267152,56002.0,East,Ngoma,2.0,21230.507509,0,0.0,1,Maize,200.0,0.0,0.0,100.0,0.0,0.0,0.0,0.0,0.0
1275793,56004.0,East,Ngoma,1.0,461999.4375,0,0.0,1,Paddy rice,0.0,0.0,9234.0,4617.0,0.0,0.0,0.0,0.0,0.0
1278673,56005.0,East,Ngoma,1.0,1137444.625,0,0.0,1,Paddy rice,0.0,0.0,22200.0,11100.0,0.0,0.0,0.0,0.0,0.0
1281553,56006.0,East,Ngoma,1.0,1352201.125,0,0.0,1,Paddy rice,0.0,0.0,24332.0,12166.0,0.0,0.0,0.0,0.0,0.0
1284433,56007.0,East,Ngoma,1.0,897147.25,0,0.0,1,Paddy rice,0.0,0.0,18096.0,9043.0,0.0,0.0,0.0,0.0,0.0
1287313,56008.0,East,Ngoma,1.0,536351.9375,0,0.0,1,Paddy rice,0.0,0.0,3000.0,1500.0,0.0,0.0,0.0,0.0,0.0
1290193,56009.0,East,Ngoma,3.0,1183229.5,0,0.0,1,Paddy rice,0.0,0.0,10800.0,5400.0,0.0,0.0,0.0,0.0,0.0
1293073,56010.0,East,Ngoma,1.0,2034599.0,0,0.0,1,Paddy rice,0.0,0.0,31182.0,15596.0,0.0,0.0,0.0,0.0,0.0
1295967,56011.0,East,Ngoma,2.0,836.622673131,1,5000.0,1,Tree tomato,0.0,0.0,0.0,4.0,0.0,0.0,0.0,0.0,0.0
1298847,56011.0,East,Ngoma,3.0,6246.32972839,1,2500.0,1,Tree tomato,0.0,0.0,0.0,1.0,0.0,0.0,0.0,0.0,0.0
1304601,56011.0,East,Ngoma,6.0,933.601589405,1,1300.0,1,Eggplant,1.0,0.0,0.0,0.0,0.0,0.0,0.0,0.0,0.0
1310371,56011.0,East,Ngoma,9.0,56773.6470546,1,28400.0,1,Coffee,0.0,0.0,1136.0,0.0,0.0,0.0,0.0,0.0,0.0
1313251,56011.0,East,Ngoma,12.0,45123.7674743,1,22550.0,1,Coffee,0.0,0.0,676.5,0.0,0.0,0.0,0.0,0.0,0.0
1316131,56011.0,East,Ngoma,15.0,38437.8718482,1,19200.0,1,Coffee,0.0,0.0,576.0,0.0,0.0,0.0,0.0,0.0,0.0
1319011,56011.0,East,Ngoma,17.0,41987.469233,1,19700.0,1,Coffee,0.0,0.0,591.0,0.0,0.0,0.0,0.0,0.0,0.0
1321872,56011.0,East,Ngoma,27.0,9423.51952806,1,4750.0,1,Maize,99.0,0.0,0.0,49.0,0.0,0.0,0.0,0.0,0.0
1324752,56011.0,East,Ngoma,28.0,9232.54955371,1,5200.0,1,Maize,108.0,0.0,0.0,54.0,0.0,0.0,0.0,0.0,0.0
1330512,56011.0,East,Ngoma,31.0,12236.6394647,1,6350.0,1,Maize,132.0,0.0,0.0,66.0,0.0,0.0,0.0,0.0,0.0
1333392,56011.0,East,Ngoma,35.0,19830.4114188,1,10200.0,1,Maize,212.0,0.0,0.0,106.0,0.0,0.0,0.0,0.0,0.0
1336272,56011.0,East,Ngoma,40.0,5065.03891645,1,2350.0,1,Maize,49.0,0.0,0.0,21.0,0.0,0.0,0.0,0.0,0.0
1339177,57002.0,East,Bugesera,1.0,669275.875,0,0.0,1,Paddy rice,0.0,0.0,6400.0,3250.0,0.0,0.0,0.0,0.0,0.0
1359336,57005.0,East,Bugesera,1.0,53751.5228173,1,3228.0,1,Maize,538.0,0.0,0.0,0.0,0.0,0.0,0.0,0.0,0.0
1367976,57006.0,East,Bugesera,3.0,34952.2104098,0,0.0,1,Maize,350.0,0.0,0.0,175.0,0.0,0.0,0.0,0.0,0.0
1370856,57006.0,East,Bugesera,4.0,42516.4668118,0,0.0,1,Maize,425.0,0.0,0.0,212.0,0.0,0.0,0.0,0.0,0.0
1373736,57006.0,East,Bugesera,7.0,12724.046136,0,0.0,1,Maize,120.0,0.0,0.0,60.0,0.0,0.0,0.0,0.0,0.0
1376616,57006.0,East,Bugesera,8.0,50933.9554608,0,0.0,1,Maize,512.0,0.0,0.0,256.0,0.0,0.0,0.0,0.0,0.0
1379496,57006.0,East,Bugesera,9.0,12277.9823438,0,0.0,1,Maize,123.0,0.0,0.0,61.0,0.0,0.0,0.0,0.0,0.0
1385264,57006.0,East,Bugesera,12.0,2775.25124568,1,2800.0,1,Onion,0.0,0.0,0.0,0.0,0.0,1.0,0.0,0.0,0.0
1425577,57007.0,East,Bugesera,1.0,399747.75,0,0.0,1,Paddy rice,0.0,0.0,5000.0,2500.0,0.0,0.0,0.0,0.0,0.0
1428457,57008.0,East,Bugesera,1.0,454612.09375,1,44750.0,1,Paddy rice,0.0,0.0,4000.0,2000.0,0.0,0.0,0.0,0.0,0.0
1431337,57009.0,East,Bugesera,2.0,374514.0625,1,373300.0,1,Paddy rice,0.0,0.0,6400.0,3200.0,0.0,0.0,0.0,0.0,0.0
1434222,57010.0,East,Bugesera,1.0,1139.32543097,1,1000.0,1,Tomato,0.0,0.0,50.0,50.0,0.0,0.0,0.0,0.0,0.0
1439990,57010.0,East,Bugesera,3.0,885.466235386,1,1700.0,1,Cucumber,1.25,0.0,1.25,1.0,0.0,0.0,0.0,0.0,0.0
1445748,57010.0,East,Bugesera,5.0,1540.17332562,1,2000.0,1,Sugar beet,0.0,0.0,5.0,0.0,0.0,0.0,0.0,0.0,0.0
1448623,57010.0,East,Bugesera,6.0,1761.69989285,1,20000.0,1,Cabbage,0.0,0.0,5.0,0.0,0.0,0.0,0.0,0.0,0.0
1451503,57010.0,East,Bugesera,7.0,1043.94932558,1,400.0,1,Cabbage,0.0,0.0,2.0,0.0,0.0,0.0,0.0,0.0,0.0
1454387,57010.0,East,Bugesera,8.0,1234.57188516,1,20000.0,1,Sweet pepper,0.0,0.0,2.0,0.0,0.0,0.0,0.0,0.0,0.0
1491819,57012.0,East,Bugesera,5.0,56122.2377938,0,0.0,1,Bush bean,360.4,0.0,0.0,180.2,0.0,0.0,0.0,0.0,0.0
1494699,57012.0,East,Bugesera,7.0,132.894891948,0,0.0,1,Bush bean,1.2,0.0,0.0,0.6,0.0,0.0,0.0,0.0,0.0
1497579,57012.0,East,Bugesera,9.0,2248.06727221,0,0.0,1,Bush bean,14.4,0.0,0.0,7.2,0.0,0.0,0.0,0.0,0.0
1500459,57012.0,East,Bugesera,10.0,2478.43172622,0,0.0,1,Bush bean,16.0,0.0,0.0,8.0,0.0,0.0,0.0,0.0,0.0
1503339,57012.0,East,Bugesera,13.0,1285.16094318,0,0.0,1,Bush bean,8.0,0.0,0.0,4.0,0.0,0.0,0.0,0.0,0.0
1506226,57012.0,East,Bugesera,15.0,267.695406824,0,0.0,1,Soybean,0.0,0.0,0.0,0.0,0.0,1.66,0.0,0.0,0.0
1509106,57012.0,East,Bugesera,18.0,998.882613446,0,0.0,1,Soybean,0.0,0.0,0.0,0.0,0.0,6220.0,0.0,0.0,0.0
1511986,57012.0,East,Bugesera,20.0,245.461360507,0,0.0,1,Soybean,0.0,0.0,0.0,0.0,0.0,1520.0,0.0,0.0,0.0
1514866,57012.0,East,Bugesera,23.0,5755.53289421,0,0.0,1,Soybean,0.0,0.0,0.0,0.0,0.0,10600.0,0.0,0.0,0.0
1517737,57014.0,East,Bugesera,1.0,567602.5,0,0.0,1,Paddy rice,0.0,0.0,7000.0,3500.0,0.0,0.0,0.0,0.0,0.0
1520617,57015.0,East,Bugesera,1.0,448780.3125,1,17960.0,1,Paddy rice,0.0,0.0,6000.0,3000.0,0.0,0.0,0.0,0.0,0.0
1523497,57016.0,East,Bugesera,1.0,4698137.5,0,0.0,1,Paddy rice,0.0,0.0,18500.0,20000.0,0.0,0.0,0.0,0.0,0.0
1526389,57017.0,East,Bugesera,3.0,35137.8470053,1,30000.0,1,French bean,350.0,0.0,0.0,350.0,0.0,0.0,0.0,0.0,0.0
